COMMUNE,LIEU_DIT,DEPARTEMENT,LONG_L93,LAT_L93,LAT_WGS,LONG_WGS,Département,Ancienne Région,Nouvelle Région,DPT_str
VERTEUIL-SUR-CHARENTE,Bois de La Tremblaye,16,484010.0,6546840.0,45.98693313532546,0.20925884537820227,16,Poitou-Charentes,Nouvelle-Aquitaine,Charente
CHAMPAGNE-MOUTON,Grotte de Grosbot,16,499279.0,6548629.0,46.00772118436309,0.4056384677291189,16,Poitou-Charentes,Nouvelle-Aquitaine,Charente
ANNEPONT,Mairie d'Annepont,17,419441.0,6533475.0,45.843097576527214,-0.6160807684101542,17,Poitou-Charentes,Nouvelle-Aquitaine,Charente-Maritime
SAINT-LOUP-LAMAIRÉ,Desmoulines,79,460088.0,6637956.0,46.79871974014693,-0.14641049028980965,79,Poitou-Charentes,Nouvelle-Aquitaine,Charente-Maritime
FENIOUX,Cézelle,79,434029.0,6613188.0,46.56606718956285,-0.4734699588826316,79,Poitou-Charentes,Nouvelle-Aquitaine,Charente-Maritime
SAINT-MICHEL-LE-CLOUCQ,Brelouze,85,411374.0,6605240.0,46.48522924882638,-0.7639597410140808,85,Pays de la Loire,Pays de la Loire,Vendée
RANCOGNE,Grotte de Rancogne,16,498180.0,6514240.0,45.69789346262592,0.40604020194317025,16,Poitou-Charentes,Nouvelle-Aquitaine,Charente
SAINT-BONNET-SUR-GIRONDE,Goizet (W),17,414271.0,6479520.0,45.3556193233304,-0.6504946308304114,17,Poitou-Charentes,Nouvelle-Aquitaine,Charente-Maritime
MELLE,Grottes de Loubeau,79,457196.0,6573023.0,46.21346044795033,-0.15034094434111642,79,Poitou-Charentes,Nouvelle-Aquitaine,Charente-Maritime
SAINT-SAVINIEN,Bois de l'Héraudière,17,413612.0,6541466.0,45.912549374705044,-0.6959186647118211,17,Poitou-Charentes,Nouvelle-Aquitaine,Charente-Maritime
SAINT-GENEST-D'AMBIÈRE,La Poulasserie - cave,86,501795.13,6640103.49,46.83170600066438,0.3992081542546175,86,Poitou-Charentes,Nouvelle-Aquitaine,Vienne
MELLE,Musée des Mines d'Argent,79,457425.98,6573293.55,46.2159773301218,-0.1475000043176272,79,Poitou-Charentes,Nouvelle-Aquitaine,Charente-Maritime
SAINT-SULPICE-DE-COGNAC,Carrière des Chaudrolles (NW),16,437041.31,6522306.29,45.74964526440778,-0.3833562697529652,16,Poitou-Charentes,Nouvelle-Aquitaine,Charente
GARAT,Carrière de Bellevue (Garat),16,486251.0,6506073.0,45.62076324859372,0.25648441449301146,16,Poitou-Charentes,Nouvelle-Aquitaine,Charente
AIRVAULT,Pont de Vernay (Four à chaux),79,460281.0,6640539.0,46.82202755267544,-0.1452306213848066,79,Poitou-Charentes,Nouvelle-Aquitaine,Charente-Maritime
IRAIS,Rivière souterraine d'Irais,79,464185.15,6644233.48,46.85665487754885,-0.09595871479908119,79,Poitou-Charentes,Nouvelle-Aquitaine,Charente-Maritime
RANTON,Ranton - centre-bourg,86,469946.0,6660152.0,47.00188188738862,-0.028412121417879292,86,Poitou-Charentes,Nouvelle-Aquitaine,Vienne
TOURTENAY,Boulogne,79,462943.0,6664366.0,47.037338006612664,-0.12269705657093588,79,Poitou-Charentes,Nouvelle-Aquitaine,Charente-Maritime
SAINT-MÊME-LES-CARRIÈRES,Saint-Même-les-Carrières-Le bourg,16,455251.18,6509767.82,45.64360895088379,-0.14289840552570143,16,Poitou-Charentes,Nouvelle-Aquitaine,Charente
SAINT-SAVINIEN,Vaufraîche,17,412426.58,6538617.38,45.886425591037856,-0.7094686529599795,17,Poitou-Charentes,Nouvelle-Aquitaine,Charente-Maritime
SAINT-SAVINIEN,Les Hubles,17,417708.51,6539428.25,45.89593277504825,-0.6419154990969381,17,Poitou-Charentes,Nouvelle-Aquitaine,Charente-Maritime
SAINT-SULPICE-D'ARNOULT,Carrière de Fief de Foye (principale),17,404441.0,6534113.0,45.84248756299886,-0.8095175854708275,17,Poitou-Charentes,Nouvelle-Aquitaine,Charente-Maritime
SAINT-SAVINIEN,Bois Vachon,17,415377.27,6541046.08,45.90951359160663,-0.6729184122838032,17,Poitou-Charentes,Nouvelle-Aquitaine,Charente-Maritime
LE PUY-NOTRE-DAME,Cave Billard,49,455891.0,6674479.0,47.125763766332334,-0.22092102233234515,49,Pays de la Loire,Pays de la Loire,Maine-et-Loire
SAINT-SAVINIEN,Les Roches,17,414270.74,6538042.6,45.882032730527406,-0.6853693112128422,17,Poitou-Charentes,Nouvelle-Aquitaine,Charente-Maritime
TESSON,Carrière du Clône,17,415839.74,6511644.79,45.64523590297428,-0.649436247090799,17,Poitou-Charentes,Nouvelle-Aquitaine,Charente-Maritime
THÉNAC,Les Mauds (Est),17,414044.42,6513766.21,45.66356898040729,-0.6737268503236326,17,Poitou-Charentes,Nouvelle-Aquitaine,Charente-Maritime
THÉNAC,Les Mauds (Centre),17,413573.46,6514321.63,45.66836761245344,-0.6801009335356643,17,Poitou-Charentes,Nouvelle-Aquitaine,Charente-Maritime
CHANIERS,Bois de Chez Villain (W),17,424108.33,6522079.42,45.742493446963145,-0.5494084228808506,17,Poitou-Charentes,Nouvelle-Aquitaine,Charente-Maritime
JONZAC,Carrière de Bellevue (Jonzac),17,432277.0,6487237.0,45.432299354338504,-0.42502021648138455,17,Poitou-Charentes,Nouvelle-Aquitaine,Charente-Maritime
LA CLISSE,Carrière de la Roche,17,408177.55,6520712.59,45.723567313062844,-0.7532260756376545,17,Poitou-Charentes,Nouvelle-Aquitaine,Charente-Maritime
RÉTAUD,Chez Griffon,17,412028.0,6514009.0,45.66490541902356,-0.6997404660657516,17,Poitou-Charentes,Nouvelle-Aquitaine,Charente-Maritime
TESSON,Les Chaboisseaux (N),17,416275.1,6511009.93,45.63970617892247,-0.6434769626119795,17,Poitou-Charentes,Nouvelle-Aquitaine,Charente-Maritime
VÉNÉRAND,Chez Bruneteau,17,423245.0,6527814.0,45.79373028278226,-0.563827835741405,17,Poitou-Charentes,Nouvelle-Aquitaine,Charente-Maritime
MARIGNAC,Carrière de Cordis,17,428391.74,6495994.65,45.50955432764652,-0.47959507715124367,17,Poitou-Charentes,Nouvelle-Aquitaine,Charente-Maritime
SAINT-SAVINIEN,Chez Bibi,17,418523.0,6538781.0,45.89044817140516,-0.6310386683978143,17,Poitou-Charentes,Nouvelle-Aquitaine,Charente-Maritime
PISSOTTE,Tunnel ferroviaire,85,408214.16,6607714.77,46.506124278424146,-0.8066582836723615,85,Pays de la Loire,Pays de la Loire,Vendée
CHAMPDENIERS-SAINT-DENIS,Rivière souterraine de Champdeniers,79,439064.0,6603874.0,46.48425249975208,-0.40255905258382624,79,Poitou-Charentes,Nouvelle-Aquitaine,Charente-Maritime
BIARD,Grotte de la Norée,86,493483.75,6611809.71,46.57457852142314,0.3029080730863415,86,Poitou-Charentes,Nouvelle-Aquitaine,Vienne
LES TROIS-MOUTIERS,Carrière de la Roche Vernaize ,86,474459.22,6663852.85,47.03672109128528,0.029110869003858317,86,Poitou-Charentes,Nouvelle-Aquitaine,Vienne
MIREBEAU,Carrière de la Boule d'Or,86,487432.7124,6636362.981,46.79363519043154,0.21263151282665207,86,Poitou-Charentes,Nouvelle-Aquitaine,Vienne
GLÉNOUZE,Cave de la Corbinière,86,472189.54,6659917.33,47.000541325634586,0.0012103890790810092,86,Poitou-Charentes,Nouvelle-Aquitaine,Vienne
SAINT-LÉGER-DE-MONTBRILLAIS,6 rue de Chalon,86,470092.57,6667870.18,47.071370330896855,-0.030381877534708952,86,Poitou-Charentes,Nouvelle-Aquitaine,Vienne
TERNAY,Montjaugin - cave long de la route,86,468189.54,6664792.33,47.04302040512847,-0.05387235514326862,86,Poitou-Charentes,Nouvelle-Aquitaine,Vienne
CISSAC-MÉDOC,Carrière Larrivaux,33,401119.1,6466122.7,45.22952725732024,-0.8100163083642251,33,Aquitaine,Nouvelle-Aquitaine,Gironde
LE BUSSEAU,La Bourtière,79,424330.0,6612547.0,46.55639101132339,-0.5995811493237055,79,Poitou-Charentes,Nouvelle-Aquitaine,Charente-Maritime
MONCOUTANT-SUR-SÈVRE,Guibaud,79,426089.0,6625887.0,46.67710436676944,-0.584546398231854,79,Poitou-Charentes,Nouvelle-Aquitaine,Charente-Maritime
LE PIN,Beauregard,79,422223.0,6648476.0,46.8786878392889,-0.6487177519156989,79,Poitou-Charentes,Nouvelle-Aquitaine,Charente-Maritime
XAINTRAY,Puy-Chenin,79,433080.0,6606415.0,46.504763010677834,-0.4819495563105937,79,Poitou-Charentes,Nouvelle-Aquitaine,Charente-Maritime
LESSAC,Viaduc de Lessac,16,520915.52,6554352.67,46.06529582616559,0.682954841946891,16,Poitou-Charentes,Nouvelle-Aquitaine,Charente
MELLE,Château de Gagemont,79,455935.0,6572907.0,46.21196264378818,-0.16662438949899636,79,Poitou-Charentes,Nouvelle-Aquitaine,Charente-Maritime
FAYE-L'ABBESSE,Faye-L'Abbesse - Bourg,79,444460.0,6641969.0,46.82903202411051,-0.3533644760110153,79,Poitou-Charentes,Nouvelle-Aquitaine,Charente-Maritime
LE PUY-NOTRE-DAME,Cave Lepidi,49,455341.0,6673214.0,47.11418230258108,-0.22748813065084827,49,Pays de la Loire,Pays de la Loire,Maine-et-Loire
ORCHES,Les Poiriers (carrières),86,498070.9,6644077.81,46.866355203090365,0.3486257385415614,86,Poitou-Charentes,Nouvelle-Aquitaine,Vienne
SOSSAIS,Les Raboteaux - carrière,86,500320.94,6643872.66,46.86518543112583,0.3782368401635207,86,Poitou-Charentes,Nouvelle-Aquitaine,Vienne
THURÉ,Le Parc,86,506091.0,6643914.0,46.867257195546166,0.4539262906317029,86,Poitou-Charentes,Nouvelle-Aquitaine,Vienne
MAULÉON,Château de La Blandinière,79,412250.0,6655066.0,46.9337318595734,-0.7836652170441255,79,Poitou-Charentes,Nouvelle-Aquitaine,Charente-Maritime
NOAILLES,Gouffre de la Fage,19,583900.0,6443237.0,45.07863272818359,1.5244813243881419,19,Limousin,Nouvelle-Aquitaine,Correze
SENILLÉ-SAINT-SAUVEUR,Les Pieds Grimaud - CAVEPRINCI,86,518253.3,6633294.89,46.77510750272177,0.617725364640077,86,Poitou-Charentes,Nouvelle-Aquitaine,Vienne
BEAUMONT,Carrière de La Madeleine,86,505285.24,6631068.89,46.75142730884652,0.4488011429998082,86,Poitou-Charentes,Nouvelle-Aquitaine,Vienne
BRISSAC-LOIRE-AUBANCE,Caves de Vau Robert,49,448403.0,6699730.0,47.350096091228856,-0.33366492841894935,49,Pays de la Loire,Pays de la Loire,Maine-et-Loire
MIGNÉ-AUXANCES,Carriere des Sablons Limbre,86,492788.58,6618484.13,46.634427706155115,0.29084679685381526,86,Poitou-Charentes,Nouvelle-Aquitaine,Vienne
SENILLÉ-SAINT-SAUVEUR,La Grande Narbonne,86,516915.57,6633784.36,46.77914796920089,0.6000066635510612,86,Poitou-Charentes,Nouvelle-Aquitaine,Vienne
SOYAUX,Grande Carrière du Lion de Saint-Marc,16,480803.0,6507650.0,45.633228948730945,0.18589551777589516,16,Poitou-Charentes,Nouvelle-Aquitaine,Charente
SERS,Carrière de la Brousse,16,489377.15,6500845.83,45.57469206544409,0.29887185261025606,16,Poitou-Charentes,Nouvelle-Aquitaine,Charente
SIREUIL,Carrière de Sireuil,16,466885.13,6507897.6,45.63084981330669,0.007260051098914727,16,Poitou-Charentes,Nouvelle-Aquitaine,Charente
SAINT-SAVINIEN,Chez Renard,17,418240.08,6538970.7,45.89203742562013,-0.6347957371742683,17,Poitou-Charentes,Nouvelle-Aquitaine,Charente-Maritime
BORDS,Les Chaumes (E),17,409715.28,6540247.81,45.89993905041673,-0.745386911036038,17,Poitou-Charentes,Nouvelle-Aquitaine,Charente-Maritime
CAMBLANES-ET-MEYNAC,Le Pine,33,425125.2,6413054.0,44.76218583544063,-0.4746623264846891,33,Aquitaine,Nouvelle-Aquitaine,Gironde
CESSAC,Champignonnière de Barreau,33,448581.29,6408819.28,44.73298532313096,-0.17633916313417192,33,Aquitaine,Nouvelle-Aquitaine,Gironde
DOUÉ-EN-ANJOU,Caves du Petit Saumur,49,453639.0,6681663.0,47.189555153249884,-0.2545064626325262,49,Pays de la Loire,Pays de la Loire,Maine-et-Loire
GENNES-VAL-DE-LOIRE,Sablon - Passedroit,49,447962.0,6697035.0,47.32568899544359,-0.3379926064395923,49,Pays de la Loire,Pays de la Loire,Maine-et-Loire
GENNES-VAL-DE-LOIRE,Caves du Chapeau (droite et gauche),49,454954.0,6697930.0,47.33636244494636,-0.2459832722288289,49,Pays de la Loire,Pays de la Loire,Maine-et-Loire
GENNES-VAL-DE-LOIRE,Cave Prieur,49,458345.0,6696913.0,47.32846052223668,-0.20056843950971778,49,Pays de la Loire,Pays de la Loire,Maine-et-Loire
SAINT-GEORGES-DES-COTEAUX,Carriere de la Fontaine,17,411424.06,6524861.06,45.762263817234896,-0.7140412101469791,17,Poitou-Charentes,Nouvelle-Aquitaine,Charente-Maritime
SAINT-PORCHAIRE,Carrière des Champs Taunais,17,404887.0,6533812.0,45.839973766527535,-0.8035911632331608,17,Poitou-Charentes,Nouvelle-Aquitaine,Charente-Maritime
SAINT-SAVINIEN,La Quine (S),17,411977.0,6539292.0,45.89230350536274,-0.7156685117321632,17,Poitou-Charentes,Nouvelle-Aquitaine,Charente-Maritime
SOYAUX,Carrière de la Simonette,16,482243.0,6506884.0,45.626796101759304,0.2047150777508166,16,Poitou-Charentes,Nouvelle-Aquitaine,Charente
VŒUIL-ET-GIGET,Carrieres de Giget,16,478800.95,6504807.13,45.60700075570973,0.16152617209278547,16,Poitou-Charentes,Nouvelle-Aquitaine,Charente
BUSSAC-SUR-CHARENTE,La Roche (Bussac),17,418073.0,6527096.0,45.78515071399444,-0.6299110090705866,17,Poitou-Charentes,Nouvelle-Aquitaine,Charente-Maritime
ÉCOYEUX,Chez Richard,17,425130.0,6529621.0,45.81074903093844,-0.5406296224719817,17,Poitou-Charentes,Nouvelle-Aquitaine,Charente-Maritime
FONTEVRAUD-L'ABBAYE,Caves des Baillargeau,49,476676.0,6680966.0,47.19143129519701,0.04986568330288016,49,Pays de la Loire,Pays de la Loire,Maine-et-Loire
OMET,Carrière de la Boye,33,440335.0,6401111.0,44.66061409717407,-0.2763638318800439,33,Aquitaine,Nouvelle-Aquitaine,Gironde
SAUMUR,Impasse de la Cure,49,470745.0,6686659.0,47.24062506184892,-0.03129322066639112,49,Pays de la Loire,Pays de la Loire,Maine-et-Loire
SAUMUR,Caves du Coteau Bizeau,49,470696.0,6686953.0,47.24325294602944,-0.03208967840493639,49,Pays de la Loire,Pays de la Loire,Maine-et-Loire
VIGNOLS,Viaduc de Rouchat,19,573233.0,6471398.0,45.33026982489062,1.3816159373522041,19,Limousin,Nouvelle-Aquitaine,Correze
BORDS,Poney club de Charron,17,408553.27,6539778.85,45.8952237582951,-0.7600691786916356,17,Poitou-Charentes,Nouvelle-Aquitaine,Charente-Maritime
LOUDUN,Carrière loudun,86,479314.56,6661241.38,47.014851767310084,0.0942737196235596,86,Poitou-Charentes,Nouvelle-Aquitaine,Vienne
DAIGNAC,Carrière du Génie,33,442997.7,6416102.1,44.79645364805277,-0.25058715702406886,33,Aquitaine,Nouvelle-Aquitaine,Gironde
LA TOUR-BLANCHE-CERCLES,Les Garennes (La Tour-Blanche),24,499548.0,6477733.0,45.36973618763059,0.438824342255864,24,Aquitaine,Nouvelle-Aquitaine,Dordogne
LA TOUR-BLANCHE-CERCLES,Carrière de Jovelle n°4,24,498772.0,6476700.0,45.36021244321829,0.4293459154942621,24,Aquitaine,Nouvelle-Aquitaine,Dordogne
BRANTÔME-EN-PÉRIGORD,Carrière Saint-Roch,24,515711.0,6476411.0,45.362367244460195,0.645714742424148,24,Aquitaine,Nouvelle-Aquitaine,Dordogne
SIREUIL,Les Champs Barate,16,467468.0,6507988.0,45.63186189692283,0.01469197107225582,16,Poitou-Charentes,Nouvelle-Aquitaine,Charente
MAGNAC-SUR-TOUVRE,Carrière de Bussac,16,485272.0,6508787.0,45.64488045434664,0.24271301733030712,16,Poitou-Charentes,Nouvelle-Aquitaine,Charente
MAREUIL-SUR-LAY-DISSAIS,Lavert,85,374132.0,6611651.0,46.525866058218675,-1.2532456999900337,85,Pays de la Loire,Pays de la Loire,Vendée
LERNÉ,Caves du Haut-Midi,37,481789.0,6674668.0,47.136468645957585,0.12038104386716571,37,Centre,Centre-Val de Loire,Indre-et-Loire
LE POIRÉ-SUR-VIE,La Turquoisière,85,358640.0,6639404.0,46.76767317714481,-1.4755362825556728,85,Pays de la Loire,Pays de la Loire,Vendée
SAINT-VAIZE,Les Roches (Centre),17,418071.0,6530686.0,45.81744331400798,-0.6320613377565033,17,Poitou-Charentes,Nouvelle-Aquitaine,Charente-Maritime
SIREUIL,Bois de la roche,16,468562.0,6507966.0,45.632035411219825,0.02873437326098764,16,Poitou-Charentes,Nouvelle-Aquitaine,Charente
CANDES-SAINT-MARTIN,Panorama,37,478900.0,6682718.0,47.207937493618104,0.07836208240031378,37,Centre,Centre-Val de Loire,Indre-et-Loire
RIGNY-USSÉ,Carrière Guillemain,37,495500.0,6686889.0,47.25078651477404,0.29565095187777524,37,Centre,Centre-Val de Loire,Indre-et-Loire
MORTAGNE-SUR-GIRONDE,La Gravelle,17,404968.0,6492748.0,45.470661395467225,-0.7772506653521768,17,Poitou-Charentes,Nouvelle-Aquitaine,Charente-Maritime
AZAY-SUR-THOUET,La Bufferie,79,440486.0,6619124.0,46.62199344688829,-0.39257778932851234,79,Poitou-Charentes,Nouvelle-Aquitaine,Charente-Maritime
ALLONNE,La Marchandière,79,438774.0,6615298.0,46.586910805512176,-0.4127702787867246,79,Poitou-Charentes,Nouvelle-Aquitaine,Charente-Maritime
RÉAUMUR,Le Petit Pin,85,407321.13,6632999.22,46.7331374749374,-0.8342957042177908,85,Pays de la Loire,Pays de la Loire,Vendée
SAINTE-GEMME,Le Plessis,79,449558.0,6648789.0,46.892313821561245,-0.29027032214330506,79,Poitou-Charentes,Nouvelle-Aquitaine,Charente-Maritime
ARGENTONNAY,Château d'Argenton,79,438127.0,6659611.0,46.98527279005848,-0.4464646411388007,79,Poitou-Charentes,Nouvelle-Aquitaine,Charente-Maritime
SARRAN,Le Moulin du Cher,19,615250.0,6479411.0,45.4088852171043,1.9165428582533972,19,Limousin,Nouvelle-Aquitaine,Correze
ANDRES,755 - rue du milieu,62,624746.0,7086658.0,50.87159240712964,1.9330348542150335,62,Nord-Pas-de-Calais,Hauts-de-France,Pas-de-Calais
MONTAIGUT-LE-BLANC,Cave principale de Saint-Julien (b41),63,707833.199,6498847.682,45.589096857593766,3.100463222268928,63,Auvergne,Auvergne-Rhône-Alpes,Puy-de-Dôme
LA COURONNE,Carrière de la Réserve,16,477033.0,6503427.0,45.59400671362963,0.13950051351816578,16,Poitou-Charentes,Nouvelle-Aquitaine,Charente
VŒUIL-ET-GIGET,Résurgence de La Roche,16,478842.06,6504433.87,45.603655105427116,0.16222531162238782,16,Poitou-Charentes,Nouvelle-Aquitaine,Charente
THURÉ,La Plante,86,507499.0,6641289.0,46.84404158641091,0.4735034489324047,86,Poitou-Charentes,Nouvelle-Aquitaine,Vienne
MOUTHIERS-SUR-BOËME,Ruelle Crotte,16,475571.0,6501310.0,45.57447793374225,0.1217502599678525,16,Poitou-Charentes,Nouvelle-Aquitaine,Charente
CHANONAT,Cavité principale,63,708758.48,6511646.63,45.70433763643655,3.1125642278193566,63,Auvergne,Auvergne-Rhône-Alpes,Puy-de-Dôme
GENNES-VAL-DE-LOIRE,Caves du Chateau de Cunault,49,458228.0,6697278.0,47.33170096408589,-0.2023122755942094,49,Pays de la Loire,Pays de la Loire,Maine-et-Loire
PÉRIGNAT-LÈS-SARLIÈVE,Toutes caves,63,710866.0,6514802.0,45.73272095757477,3.1397218394016764,63,Auvergne,Auvergne-Rhône-Alpes,Puy-de-Dôme
DISTRÉ,Champignonnière de Pocé,49,463553.0,6686033.0,47.232469952141166,-0.12596313439283086,49,Pays de la Loire,Pays de la Loire,Maine-et-Loire
GUITINIÈRES,Carrière de la Rochette (S),17,424642.0,6490210.0,45.45601983469038,-0.5242645148089695,17,Poitou-Charentes,Nouvelle-Aquitaine,Charente-Maritime
ROU-MARSON,Caves du Riou,49,462721.0,6687047.0,47.24129444834164,-0.13748347198685013,49,Pays de la Loire,Pays de la Loire,Maine-et-Loire
SAINTES,Falaise des Arcivaux,17,419355.0,6521030.0,45.7311135151413,-0.6098598343694576,17,Poitou-Charentes,Nouvelle-Aquitaine,Charente-Maritime
AVY,Chantemerle (Avy),17,424053.0,6501676.0,45.55892712077237,-0.5383646270329719,17,Poitou-Charentes,Nouvelle-Aquitaine,Charente-Maritime
BUSSAC-SUR-CHARENTE,Carrière des Motillons,17,417911.0,6527130.0,45.78538950020941,-0.6320139986090765,17,Poitou-Charentes,Nouvelle-Aquitaine,Charente-Maritime
GENNES-VAL-DE-LOIRE,La boussinière,49,455165.0,6699332.0,47.34905096136557,-0.24395395009359158,49,Pays de la Loire,Pays de la Loire,Maine-et-Loire
GRAVES-SAINT-AMANT,Carrière de Bois Catineau,16,457959.0,6507542.0,45.62454630204392,-0.10703841970871768,16,Poitou-Charentes,Nouvelle-Aquitaine,Charente
LE DOUHET,Carrière de la Foucherie (S),17,422032.0,6529049.0,45.80434601221085,-0.580147086102866,17,Poitou-Charentes,Nouvelle-Aquitaine,Charente-Maritime
LE DOUHET,Carrière de la Foucherie (N),17,422052.0,6529176.0,45.80549662242131,-0.5799639536256876,17,Poitou-Charentes,Nouvelle-Aquitaine,Charente-Maritime
SAINT-HILAIRE-DE-VILLEFRANCHE,Chez Calandre,17,424758.0,6532424.0,45.835814088341294,-0.5470357565588012,17,Poitou-Charentes,Nouvelle-Aquitaine,Charente-Maritime
SAINT-MÊME-LES-CARRIÈRES,Les Groies,16,455976.0,6509355.0,45.64015384451558,-0.13339029138947256,16,Poitou-Charentes,Nouvelle-Aquitaine,Charente
SAINT-SAVINIEN,La Quine (N),17,411947.0,6539379.0,45.89307335836346,-0.7161077392751208,17,Poitou-Charentes,Nouvelle-Aquitaine,Charente-Maritime
SAINT-SAVINIEN,Bois des Chouches,17,415465.0,6541715.0,45.9155673832528,-0.6721890811436532,17,Poitou-Charentes,Nouvelle-Aquitaine,Charente-Maritime
TUFFALUN,Champi La Guéréterie,49,447394.0,6693265.0,47.291564178769185,-0.34339337251350377,49,Pays de la Loire,Pays de la Loire,Maine-et-Loire
GAURIAC,Vitescale,33,415409.7,6446278.4,45.05709383133269,-0.6165292854430919,33,Aquitaine,Nouvelle-Aquitaine,Gironde
VILLIERS-EN-PLAINE,La Dent,79,426556.0,6600266.0,46.446829348464995,-0.563323062623186,79,Poitou-Charentes,Nouvelle-Aquitaine,Charente-Maritime
LE PUY-NOTRE-DAME,Cave du Haut Buard,49,455090.0,6673628.0,47.11781405389946,-0.2310189223687436,49,Pays de la Loire,Pays de la Loire,Maine-et-Loire
CHIRÉ-EN-MONTREUIL,Grande cavité Est - Chez Michel,86,480286.94,6619716.19,46.64153643542101,0.12695031505258286,86,Poitou-Charentes,Nouvelle-Aquitaine,Vienne
LA ROCHEBEAUCOURT-ET-ARGENTINE,Argentine - Carrière Nord Ouest (grande),24,495202.12,6489332.17,45.47284144106557,0.37841873627482925,24,Aquitaine,Nouvelle-Aquitaine,Dordogne
SAINT-NECTAIRE,Cavité route de Sapchat,63,699425.0,6497843.28,45.580097088372135,2.992626644433143,63,Auvergne,Auvergne-Rhône-Alpes,Puy-de-Dôme
CHÂTEAUNEUF-SUR-CHARENTE,Champs Gaillards,16,459423.0,6504823.0,45.60059803510011,-0.08690072339472986,16,Poitou-Charentes,Nouvelle-Aquitaine,Charente
CHÂTEAUNEUF-SUR-CHARENTE,Carrière de Chez Delaisse,16,459709.0,6504923.0,45.601598420298515,-0.08328479782713533,16,Poitou-Charentes,Nouvelle-Aquitaine,Charente
GRAVES-SAINT-AMANT,Grotte d'Armelle,16,457838.0,6507609.0,45.625106283134706,-0.1086239137492092,16,Poitou-Charentes,Nouvelle-Aquitaine,Charente
LA CHAPELLE-FAUCHER,Carrière des Pelades,24,525171.23,6476239.38,45.36329680914496,0.7665646405276688,24,Aquitaine,Nouvelle-Aquitaine,Dordogne
LA TOUR-BLANCHE-CERCLES,Carrière de Jovelle n°2,24,498998.0,6476984.0,45.362834565463594,0.43211304761874686,24,Aquitaine,Nouvelle-Aquitaine,Dordogne
VILLARS,Carrière de Cirier Bossu n°3,24,523048.52,6480935.36,45.40502065043793,0.7377435221478837,24,Aquitaine,Nouvelle-Aquitaine,Dordogne
VOLVIC,Grande Carrière,63,701755.08,6530370.42,45.8729973438451,3.022625302300542,63,Auvergne,Auvergne-Rhône-Alpes,Puy-de-Dôme
CHALONNES-SUR-LOIRE,Tunnel du Roc,49,419510.0,6700488.0,47.345305361139644,-0.7164340702476613,49,Pays de la Loire,Pays de la Loire,Maine-et-Loire
ANGLES-SUR-L'ANGLIN,Grotte de Boisdichon,86,538552.38,6622926.72,46.686990998542655,0.8872990140316189,86,Poitou-Charentes,Nouvelle-Aquitaine,Vienne
BERRIE,Château de Berrie ,86,467125.95,6667514.61,47.06714011093408,-0.06926332817978526,86,Poitou-Charentes,Nouvelle-Aquitaine,Vienne
COLY-SAINT-AMAND,Ancien tunnel de la Peytivie,24,559663.641,6439936.288,45.044418095089284,1.217503092170894,24,Aquitaine,Nouvelle-Aquitaine,Dordogne
ROIFFÉ,Les Rochereaux - cave,86,476066.16,6676266.86,47.14894990760881,0.04413980624205591,86,Poitou-Charentes,Nouvelle-Aquitaine,Vienne
SOYAUX,Aven des Cavernes,16,484174.0,6507506.0,45.63300633369473,0.22920228688740688,16,Poitou-Charentes,Nouvelle-Aquitaine,Charente
TERRASSON-LAVILLEDIEU,Grotte du Rajol,24,566148.07,6448358.38,45.121519992758344,1.2975335867491806,24,Aquitaine,Nouvelle-Aquitaine,Dordogne
FUMEL,Carrière de Pech de Treil,47,541012.18,6381713.11,44.51635682054088,0.9994283595588815,47,Aquitaine,Nouvelle-Aquitaine,Lot-et-Garonne
LUCHÉ-PRINGÉ,Les Piliers,72,483433.0,6736946.0,47.697255940075586,0.11201158582817773,72,Pays de la Loire,Pays de la Loire,Sarthe
SAINT-CYPRIEN,Carrière de Malemort Sud,24,544074.93,6420535.44,44.866450888449336,1.0257399609952305,24,Aquitaine,Nouvelle-Aquitaine,Dordogne
SAINT-CYPRIEN,Carrière de Malemort Ouest,24,543996.36,6420679.48,44.867729641461786,1.0246999408741553,24,Aquitaine,Nouvelle-Aquitaine,Dordogne
SAUVETERRE-LA-LEMANCE,Carrière de la Frézière,47,542151.54,6390186.44,44.592871550351376,1.0110740107720053,47,Aquitaine,Nouvelle-Aquitaine,Lot-et-Garonne
CIZAY-LA-MADELEINE,Caves d'Igné,49,457606.0,6683594.0,47.2083849231618,-0.203193302484133,49,Pays de la Loire,Pays de la Loire,Maine-et-Loire
LES EYZIES,Carrière des Combarelles,24,545316.75,6429043.88,44.94331138706798,1.038781711287857,24,Aquitaine,Nouvelle-Aquitaine,Dordogne
FORGÈS,Mine de Grand Champ,19,610868.0,6450586.0,45.14880675858929,1.8658228709289644,19,Limousin,Nouvelle-Aquitaine,Correze
DISTRÉ,Munet,49,466086.0,6685408.0,47.227745299111525,-0.09218644559687403,49,Pays de la Loire,Pays de la Loire,Maine-et-Loire
GENNES-VAL-DE-LOIRE,Grande cave ouest Cunault,49,457969.0,6697489.0,47.333504296974276,-0.20585241231902174,49,Pays de la Loire,Pays de la Loire,Maine-et-Loire
TAURIAC,la Lustre,33,423193.4,6443946.4,45.03928259373767,-0.5164289972627722,33,Aquitaine,Nouvelle-Aquitaine,Gironde
LUBILHAC,Pebrut 51,43,717842.0,6462536.0,45.2619394916834,3.2274870249829988,43,Auvergne,Auvergne-Rhône-Alpes,Haute-Loire
SAINT-JEAN-SAINT-GERVAIS,Galerie n°10,63,728272.208,6479739.462,45.41649580473172,3.3614756743850367,63,Auvergne,Auvergne-Rhône-Alpes,Puy-de-Dôme
LE POIRÉ-SUR-VIE,Le Fief,85,352914.0,6640966.0,46.77876898618639,-1.551623684044317,85,Pays de la Loire,Pays de la Loire,Vendée
LERNÉ,Maulévrier,37,481845.4,6674674.8,47.136548336347644,0.12112139613081566,37,Centre,Centre-Val de Loire,Indre-et-Loire
FONTENAY-LE-COMTE,Parc Baron,85,408064.0,6603642.0,46.46942839958848,-0.8060551468202422,85,Pays de la Loire,Pays de la Loire,Vendée
LA RONDE,Caillaude,17,409697.0,6585129.0,46.3036226880898,-0.7732731186359781,17,Poitou-Charentes,Nouvelle-Aquitaine,Charente-Maritime
SAINT-JUSTIN,Presbytère de Saint-Martin,40,438215.0,6329051.0,44.01173603513855,-0.26550297251875604,40,Aquitaine,Nouvelle-Aquitaine,Landes
HOURTIN,Maison forestière de Louley,33,378290.0,6465217.0,45.21109086156871,-1.0999294380346687,33,Aquitaine,Nouvelle-Aquitaine,Gironde
AYDAT,Le Lot,63,700074.0,6507422.0,45.666351723080325,3.0009503971968896,63,Auvergne,Auvergne-Rhône-Alpes,Puy-de-Dôme
SAINT-GENIEZ-Ô-MERLE,Les Tours de Merle - Tour Fulcon,19,627150.0,6441007.0,45.06447676429244,2.074413862262844,19,Limousin,Nouvelle-Aquitaine,Correze
DISTRÉ,Chais du Château de Pocé,49,463767.0,6686319.0,47.23511890745801,-0.12328636364300244,49,Pays de la Loire,Pays de la Loire,Maine-et-Loire
MONTSOREAU,Cave aux bateaux,49,477804.0,6682953.0,47.209685769883016,0.06377732205325425,49,Pays de la Loire,Pays de la Loire,Maine-et-Loire
SAUMUR,La Cour Pavée,49,470890.0,6686832.0,47.24223145170274,-0.02946557689455799,49,Pays de la Loire,Pays de la Loire,Maine-et-Loire
ORCINES,Puy de Cliersou,63,696782.795,6521709.102,45.794997599147024,2.958584538444196,63,Auvergne,Auvergne-Rhône-Alpes,Puy-de-Dôme
MONTAIGUT-LE-BLANC,Caves sous l'église,63,707238.437,6498713.693,45.58789687448777,3.092833200967798,63,Auvergne,Auvergne-Rhône-Alpes,Puy-de-Dôme
MONTAIGUT-LE-BLANC,Caves de Saint-Julien A 41 et A46,63,707737.68,6498850.55,45.58912377089454,3.099238208804087,63,Auvergne,Auvergne-Rhône-Alpes,Puy-de-Dôme
VAUDELNAY,La Brosse,49,456405.0,6674929.0,47.13000026886169,-0.2143880663008596,49,Pays de la Loire,Pays de la Loire,Maine-et-Loire
ÉVAUX-LES-BAINS,la Ribe - Mine Ribe Ouest,23,663550.0,6566156.0,46.19426296541634,2.5273555568018558,23,Limousin,Nouvelle-Aquitaine,Creuse
SAINT-ROBERT,Cave,19,566393.2,6463239.1,45.25552497434332,1.2965680439976925,19,Limousin,Nouvelle-Aquitaine,Correze
SEGONZAC,Ancienne Gare de Segonzac,19,565553.7,6464977.19,45.271008026825946,1.285387004285079,19,Limousin,Nouvelle-Aquitaine,Correze
ÉCURAT,Bois de Peu Volant,17,414509.0,6528319.0,45.79466765082478,-0.6764655470820815,17,Poitou-Charentes,Nouvelle-Aquitaine,Charente-Maritime
JONZAC,Residence Philippe,17,430626.0,6489451.0,45.45156991732034,-0.4473507565274272,17,Poitou-Charentes,Nouvelle-Aquitaine,Charente-Maritime
JONZAC,Bourg Nouveau,17,432300.0,6488787.0,45.44625232521091,-0.42558605093564594,17,Poitou-Charentes,Nouvelle-Aquitaine,Charente-Maritime
JONZAC,Bois de chez Michenot,17,431961.0,6489102.0,45.44895363019268,-0.4300935545709918,17,Poitou-Charentes,Nouvelle-Aquitaine,Charente-Maritime
JAUNAY-MARIGNY,Meoc (Carriere principale),86,498547.47,6630630.3,46.74548681174614,0.36077792441433476,86,Poitou-Charentes,Nouvelle-Aquitaine,Vienne
SAINT-AGNANT,Les Chaumes (NE),17,394485.0,6538009.0,45.87313084210423,-0.9401367581539566,17,Poitou-Charentes,Nouvelle-Aquitaine,Charente-Maritime
SAINT-VAIZE,Carrières de Pot Vert,17,417736.0,6530431.0,45.815010706051346,-0.636219838126211,17,Poitou-Charentes,Nouvelle-Aquitaine,Charente-Maritime
SCORBÉ-CLAIRVAUX,Les Roches Carrières (principale),86,503542.62,6639596.14,46.827656194077406,0.4223391400957609,86,Poitou-Charentes,Nouvelle-Aquitaine,Vienne
MONTS-SUR-GUESNES,Cave route de Princay,86,488268.2,6650516.21,46.92125370598944,0.21703985902260356,86,Poitou-Charentes,Nouvelle-Aquitaine,Vienne
ROMEGOUX,Les Genêts (E),17,404920.0,6533923.0,45.84098646078222,-0.8032353505572895,17,Poitou-Charentes,Nouvelle-Aquitaine,Charente-Maritime
SAINT-GEORGES-ANTIGNAC,Carrières des Poudriers,17,428352.0,6495287.0,45.50317258984354,-0.47970428078082716,17,Poitou-Charentes,Nouvelle-Aquitaine,Charente-Maritime
CHASTEAUX,Grotte de Murel,19,579633.0,6441510.0,45.0623548124208,1.4706902416554541,19,Limousin,Nouvelle-Aquitaine,Correze
LA CLISSE,Carrière des Fourneaux (W),17,407504.0,6521416.0,45.72960572497335,-0.7623064632763155,17,Poitou-Charentes,Nouvelle-Aquitaine,Charente-Maritime
SAINT-BONNET-SUR-GIRONDE,Goizet (E),17,414623.0,6479380.0,45.3545064305719,-0.6459213177970102,17,Poitou-Charentes,Nouvelle-Aquitaine,Charente-Maritime
SAINT-GEORGES-DES-COTEAUX,les Moulins de Saint Georges,17,411612.0,6524651.0,45.760453886831165,-0.7114989588483388,17,Poitou-Charentes,Nouvelle-Aquitaine,Charente-Maritime
LA TESTE-DE-BUCH,L'Eden,33,367827.0,6401375.0,44.63213814036866,-1.1898921104769047,33,Aquitaine,Nouvelle-Aquitaine,Gironde
CANIAC-DU-CAUSSE,Grotte de la Devèze,46,594413.0,6392339.0,44.622136082965966,1.6689674397813903,46,Midi-Pyrénées,Occitanie,Lot
LACAVE,Grotte de Combe Cullier,46,586676.0,6417302.0,44.84562337135691,1.5657400043340375,46,Midi-Pyrénées,Occitanie,Lot
PINSAC,Grotte des Réfractaires,46,585936.0,6419016.0,44.86093112651046,1.5559797772344328,46,Midi-Pyrénées,Occitanie,Lot
SAINT-SULPICE-D'ARNOULT,Carrière de Fief de Foye (W),17,404364.0,6534099.0,45.84232819776283,-0.8104998124195447,17,Poitou-Charentes,Nouvelle-Aquitaine,Charente-Maritime
SOUILLAC,La Forge,46,576922.0,6426604.0,44.92769340894742,1.4399958967100406,46,Midi-Pyrénées,Occitanie,Lot
SAULIAC-SUR-CÉLÉ,Igue de Geniez,46,598287.0,6379873.0,44.510503942025615,1.7203409409358807,46,Midi-Pyrénées,Occitanie,Lot
CÉNAC,La Mouleyre (cavité principale),33,426727.9,6416982.2,44.79815096269941,-0.4566010159965503,33,Aquitaine,Nouvelle-Aquitaine,Gironde
CHARMÉ,Grotte de Charmé,16,476878.0,6543301.0,45.95277916493647,0.11885664872507326,16,Poitou-Charentes,Nouvelle-Aquitaine,Charente
GENNES-VAL-DE-LOIRE,Caves de la Blinière,49,448017.0,6696384.0,47.319854644919715,-0.33690091663593513,49,Pays de la Loire,Pays de la Loire,Maine-et-Loire
LATRESNE,Bois du Grand Parc ENS,33,424600.3,6415464.2,44.78365594695715,-0.48263181676232075,33,Aquitaine,Nouvelle-Aquitaine,Gironde
SAINT-GERMAIN-DU-PUCH,Jonquieyre,33,434584.2,6421883.3,44.84528782836224,-0.35998511945701706,33,Aquitaine,Nouvelle-Aquitaine,Gironde
CHÂTEAUNEUF-SUR-CHARENTE,Les Rocs de la Pelletrie,16,460436.0,6503575.0,45.58972435702311,-0.07329289123771211,16,Poitou-Charentes,Nouvelle-Aquitaine,Charente
CAPIAN,German,33,435549.0,6408245.0,44.722979240789364,-0.3404864091578982,33,Aquitaine,Nouvelle-Aquitaine,Gironde
PLEAUX,Tunnel de Salesse,15,642230.208,6443338.375,45.08689424836281,2.265725550382538,15,Auvergne,Auvergne-Rhône-Alpes,Cantal
SAINTE-OUENNE,Ancienne citerne à eau,79,435878.34,6599599.94,46.444559858230676,-0.441619571149977,79,Poitou-Charentes,Nouvelle-Aquitaine,Charente-Maritime
SAINT-PHILIPPE-D'AIGUILLE,Colin,33,461647.5,6429408.6,44.922829395898916,-0.02137821013630686,33,Aquitaine,Nouvelle-Aquitaine,Gironde
TABANAC,Carrière inondée,33,429937.5,6408446.7,44.72263421412236,-0.4113923867132846,33,Aquitaine,Nouvelle-Aquitaine,Gironde
VAL-DE-VIRVÉE,Carrière de Tarreyrots,33,435041.0,6439408.0,45.003104322542335,-0.36365405471497697,33,Aquitaine,Nouvelle-Aquitaine,Gironde
VILLEGOUGE,Saute qui peut,33,439225.0,6433924.2,44.955364826743455,-0.3076863511200406,33,Aquitaine,Nouvelle-Aquitaine,Gironde
AZAY-LE-RIDEAU,Caves méclines,37,509465.0,6687488.0,47.260334386493966,0.4799442450052682,37,Centre,Centre-Val de Loire,Indre-et-Loire
SAINT-NECTAIRE,Fontaines pétrifiantes,66,699432.0,6498165.33,45.58299707614598,2.992716026071851,66,Languedoc-Roussillon,Occitanie,Pyrénées-Orientales
AUBIÈRE,Toutes caves Puy d'Aubière,63,708890.707,6516528.596,45.748297336260514,3.114354475936483,63,Auvergne,Auvergne-Rhône-Alpes,Puy-de-Dôme
CHAMPEIX,Grotte d'Aubary n°1,63,710403.963,6498818.168,45.588796806007664,3.133433378362598,63,Auvergne,Auvergne-Rhône-Alpes,Puy-de-Dôme
JARZÉ-VILLAGES,Caves des Herveaux,49,456128.0,6723182.0,47.56391818575623,-0.2441846630224357,49,Pays de la Loire,Pays de la Loire,Maine-et-Loire
LES BOIS-D'ANJOU,Caves des Mandottières,49,462146.0,6710076.0,47.44823572573733,-0.1572474907165545,49,Pays de la Loire,Pays de la Loire,Maine-et-Loire
VOLVIC,Cavité de l'Ours,63,701997.85,6530448.23,45.873697347083855,3.0257552556298197,63,Auvergne,Auvergne-Rhône-Alpes,Puy-de-Dôme
CURÇAY-SUR-DIVE,Cavité Rue des Vignes,86,468026.19,6661277.36,47.01134083248235,-0.05423197240843818,86,Poitou-Charentes,Nouvelle-Aquitaine,Vienne
PRINÇAY,Les Roches (Princay),86,488718.35,6649870.23,46.91558380644024,0.2232501114286354,86,Poitou-Charentes,Nouvelle-Aquitaine,Vienne
MONTRÉAL,Tunnel de Pomiro,32,472477.0,6316960.0,43.91490579352383,0.1668948722842705,32,Midi-Pyrénées,Occitanie,Hautes-Pyrénées
BROMONT-LAMOTHE,Galerie principale (Bromont),63,687054.0,6529787.0,45.86762277219406,2.83312507733608,63,Auvergne,Auvergne-Rhône-Alpes,Puy-de-Dôme
BEAULIEU-LÈS-LOCHES,Grandes caves impasse du bout du monde,37,549664.0,6671504.0,47.126810321237016,1.0166793545320418,37,Centre,Centre-Val de Loire,Indre-et-Loire
FAYMOREAU,la verrerie (maison bourgeoise),85,421963.0,6612583.0,46.55573940916363,-0.6304666690612021,85,Pays de la Loire,Pays de la Loire,Vendée
SAINT-HILAIRE-DES-LOGES,Le retail,85,420394.0,6607917.0,46.513118376856085,-0.6481119712952957,85,Pays de la Loire,Pays de la Loire,Vendée
CHÂTELUS-LE-MARCHEIX,les Côtes - Ancienne mine de Wolfram,23,593064.4,6549121.29,46.03341895879171,1.6173669658787606,23,Limousin,Nouvelle-Aquitaine,Creuse
MIGNÉ-AUXANCES,Glacière de malaguet 2,86,496777.77,6618698.59,46.63757796265297,0.3428687691889606,86,Poitou-Charentes,Nouvelle-Aquitaine,Vienne
MIGNÉ-AUXANCES,Glacière de malaguet 1,86,496770.21,6618678.84,46.63739793887231,0.34277868341774853,86,Poitou-Charentes,Nouvelle-Aquitaine,Vienne
LA CHÂTAIGNERAIE,Prison royal,85,414025.0,6623271.0,46.64853797456053,-0.7405706436450807,85,Pays de la Loire,Pays de la Loire,Vendée
LANQUAIS,Carrière des Roques,24,516310.93,6414286.87,44.803412433991134,0.6767183139908675,24,Aquitaine,Nouvelle-Aquitaine,Dordogne
NÉRAC,Caves maison Laubenheimer,47,486701.0,6340886.0,44.13456699466565,0.3338171709212585,47,Aquitaine,Nouvelle-Aquitaine,Lot-et-Garonne
COUZE-ET-SAINT-FRONT,Carrière de Trémouilh (entrée Nord),24,518441.48,6416357.1,44.82260433379994,0.7028885097737618,24,Aquitaine,Nouvelle-Aquitaine,Dordogne
LES EYZIES,Grotte de Vieil Mouly,24,548069.63,6427678.2,44.93162910682574,1.074093559023016,24,Aquitaine,Nouvelle-Aquitaine,Dordogne
LES EYZIES,Grotte de Pechmemie,24,550688.0,6426186.0,44.91876784778637,1.1077250441046638,24,Aquitaine,Nouvelle-Aquitaine,Dordogne
MARQUAY,Grotte du Bison,24,551019.0,6426236.0,44.919289227317584,1.1119031552043084,24,Aquitaine,Nouvelle-Aquitaine,Dordogne
MOLÈDES,Fournial 1,15,704218.0,6461290.0,45.25093861819236,3.053769183043405,15,Auvergne,Auvergne-Rhône-Alpes,Cantal
SOUSCEYRAC-EN-QUERCY,Gorges de la Cère VT9,46,625229.32,6431362.21,44.977437927617444,2.051485149248566,46,Midi-Pyrénées,Occitanie,Lot
CAMPAGNE,Carrière du Soleillal,24,540922.94,6425057.01,44.90643070132499,0.9843868249033934,24,Aquitaine,Nouvelle-Aquitaine,Dordogne
MAUZENS-ET-MIREMONT,Carrière des Badies,24,537479.83,6434906.8,44.99428444044712,0.9375208140773672,24,Aquitaine,Nouvelle-Aquitaine,Dordogne
RÉAUP-LISSE,Grotte de Testoua,47,476224.0,6339558.0,44.11936027500377,0.20355192256414198,47,Aquitaine,Nouvelle-Aquitaine,Lot-et-Garonne
VERTEUIL-SUR-CHARENTE,Château de Verteuil,16,485643.0,6546307.0,45.98265410722283,0.23058241268944574,16,Poitou-Charentes,Nouvelle-Aquitaine,Charente
MONCEAUX-SUR-DORDOGNE,Les Dames,19,609664.0,6441090.0,45.06315709375661,1.8522607137956342,19,Limousin,Nouvelle-Aquitaine,Correze
BLANQUEFORT-SUR-BRIOLANCE,Maison Brousse,47,539000.0,6391113.0,44.600488479748996,0.9710812861887709,47,Aquitaine,Nouvelle-Aquitaine,Lot-et-Garonne
VILLANDRAUT,Château de Villandraut,33,431752.0,6379142.0,44.45976385794164,-0.37269854351421017,33,Aquitaine,Nouvelle-Aquitaine,Gironde
LACANAU,Lacanau Lac,33,373885.0,6441903.0,44.99938890616397,-1.1403999536757403,33,Aquitaine,Nouvelle-Aquitaine,Gironde
BANCA,Petexaenea (Site générique Galeries N&S),64,341680.0,6234364.0,43.11863445462285,-1.4017172208776851,64,Aquitaine,Nouvelle-Aquitaine,Pyrénées-Atlantiques
BOUZIÈS,Défilé des Anglais,46,592041.0,6377357.0,44.48691873049245,1.6423187856392352,46,Midi-Pyrénées,Occitanie,Lot
MOUTHIERS-SUR-BOËME,Le Vidaud,16,475095.0,6501551.0,45.57649026227054,0.11553823979377223,16,Poitou-Charentes,Nouvelle-Aquitaine,Charente
VŒUIL-ET-GIGET,Bompart,16,477635.0,6504139.0,45.60060999595877,0.14688708742382597,16,Poitou-Charentes,Nouvelle-Aquitaine,Charente
BUDELIÈRE,Mine Est de Termont,23,660650.0,6568473.0,46.21496419605587,2.4895582658939994,23,Limousin,Nouvelle-Aquitaine,Creuse
SAINT-PAUL,Tunnel de Combe Lapeyre,19,610916.0,6456746.0,45.20427279549196,1.865307268015914,19,Limousin,Nouvelle-Aquitaine,Correze
DURBANS,Igue de Cloupman 2,46,598272.0,6396985.0,44.66453190667603,1.7166535826172655,46,Midi-Pyrénées,Occitanie,Lot
ALVIGNAC,Réveillon,46,594475.0,6414911.0,44.82533103051582,1.6649383936561328,46,Midi-Pyrénées,Occitanie,Lot
SAINT-JEAN-DE-LAUR,Grotte de la Calotte,46,607893.0,6373363.0,44.453241835358014,1.8423771700855456,46,Midi-Pyrénées,Occitanie,Lot
THÉMINES,Pech de Lavayssière,46,607100.0,6404480.0,44.73323658552755,1.8266008151962403,46,Midi-Pyrénées,Occitanie,Lot
JALEYRAC,Tunnel des Plaines,15,650478.474,6465102.287,45.283495100781366,2.3683462873522068,15,Auvergne,Auvergne-Rhône-Alpes,Cantal
LA COURONNE,La Carrière du Pont Neuf 1,16,477003.0,6504348.0,45.602284880736825,0.13868800076175505,16,Poitou-Charentes,Nouvelle-Aquitaine,Charente
ANGOULÊME,Carrière de Chez Néra,16,480711.0,6507159.0,45.6287808767074,0.1849400309306841,16,Poitou-Charentes,Nouvelle-Aquitaine,Charente
DIRAC,Carrière du Lyon,16,481163.0,6506873.0,45.62635205799733,0.1908681106211763,16,Poitou-Charentes,Nouvelle-Aquitaine,Charente
MIGNÉ-AUXANCES,Les Lourdines coteau n 3,86,495599.97,6619518.41,46.644597766607994,0.3271180513627945,86,Poitou-Charentes,Nouvelle-Aquitaine,Vienne
CHÂTEAUNEUF-SUR-CHARENTE,Aux Rocs,16,459469.0,6504857.0,45.60092015113724,-0.08632813052894128,16,Poitou-Charentes,Nouvelle-Aquitaine,Charente
SIREUIL,Les Amelins de la Vallade,16,467128.0,6507941.0,45.63132316752499,0.010353962128835291,16,Poitou-Charentes,Nouvelle-Aquitaine,Charente
THURÉ,Bois de Servollet,86,507724.36,6641571.23,46.84664630769087,0.4763408462406586,86,Poitou-Charentes,Nouvelle-Aquitaine,Vienne
MIGNÉ-AUXANCES,Les Lourdines Pierre levee n 2,86,495149.17,6619833.72,46.64729773563115,0.32108775081559326,86,Poitou-Charentes,Nouvelle-Aquitaine,Vienne
COMPREIGNAC,AMB - Margnac bas tunnel - Souterrains inférieurs de Margnac (tunnel),87,569922.0,6545786.0,45.99934825194299,1.3191455348628596,87,Limousin,Nouvelle-Aquitaine,Haute-Vienne
SAINT-SORNIN,Carrière de l'Enfer,17,391425.0,6525391.0,45.75826964866496,-0.9713568523284476,17,Poitou-Charentes,Nouvelle-Aquitaine,Charente-Maritime
AVY,Bois Perou,17,424023.0,6501533.0,45.55762863484202,-0.5386666724089929,17,Poitou-Charentes,Nouvelle-Aquitaine,Charente-Maritime
CHAMPAGNE,les Carrières (W),17,396257.0,6535517.0,45.851511768028466,-0.9157289308764354,17,Poitou-Charentes,Nouvelle-Aquitaine,Charente-Maritime
SAINT-GENÈS-DE-CASTILLON,Piscan,33,459661.2,6426667.4,44.89748036457164,-0.04519248348458555,33,Aquitaine,Nouvelle-Aquitaine,Gironde
SAINT-ROMAIN-DE-BENET,Les Pierrieres (NW),17,397622.0,6517085.0,45.686343236593586,-0.8864745722529883,17,Poitou-Charentes,Nouvelle-Aquitaine,Charente-Maritime
TABANAC,Benot (carrière Delaire),33,429700.0,6408754.0,44.72530584684319,-0.4145564713177584,33,Aquitaine,Nouvelle-Aquitaine,Gironde
GARAT,Carrière de Sainte-Catherine,16,485614.0,6506762.0,45.62676423196489,0.24800690046914295,16,Poitou-Charentes,Nouvelle-Aquitaine,Charente
LANGEAIS,62 rue de Nantes,37,503331.0,6694307.0,47.31989825588129,0.39589922780468706,37,Centre,Centre-Val de Loire,Indre-et-Loire
MONTSOREAU,Cave de la Bonnardière,49,477785.0,6682916.0,47.20934654002651,0.06354465106762042,49,Pays de la Loire,Pays de la Loire,Maine-et-Loire
VŒUIL-ET-GIGET,Carrière Jolival 2,16,477435.0,6503749.0,45.59703534259795,0.14450404955456875,16,Poitou-Charentes,Nouvelle-Aquitaine,Charente
SAINT-PIERRE-DE-MAILLÉ,Grotte de la Guittière,86,534450.41,6619888.17,46.6586409495489,0.8347373528983894,86,Poitou-Charentes,Nouvelle-Aquitaine,Vienne
BLANQUEFORT-SUR-BRIOLANCE,Grotte des Jouanets,47,535736.22,6393256.89,44.61901981393893,0.9292615109254044,47,Aquitaine,Nouvelle-Aquitaine,Lot-et-Garonne
CLAIRAC,Tunnel ferroviaire Moncaubet,47,489550.26,6367049.6,44.37079751970295,0.358469210612877,47,Aquitaine,Nouvelle-Aquitaine,Lot-et-Garonne
NICOLE,Carrière de Pech de Berre,47,488160.72,6362134.22,44.32615683846803,0.34311622247176027,47,Aquitaine,Nouvelle-Aquitaine,Lot-et-Garonne
HAUTEFORT,Château de Hautefort,24,554560.0,6463972.0,45.25972229559019,1.1455333891012291,24,Aquitaine,Nouvelle-Aquitaine,Dordogne
SAINT-GERMAIN-DES-PRÉS,Tunnel d'Autrevialle,24,545642.246,6474868.797,45.35586734547477,1.0284028003768924,24,Aquitaine,Nouvelle-Aquitaine,Dordogne
BREUIL-BARRET,Coussaie,85,418925.0,6622357.0,46.64238843809498,-0.6760155650639916,85,Pays de la Loire,Pays de la Loire,Vendée
GENNES-VAL-DE-LOIRE,Cave 28 route de Louerre,49,455071.0,6697959.0,47.336666565152846,-0.24445095988741908,49,Pays de la Loire,Pays de la Loire,Maine-et-Loire
SAINT-MARY-LE-PLAIN,Lacoste 29,15,709627.0,6451910.0,45.166424783286104,3.1225350698043237,15,Auvergne,Auvergne-Rhône-Alpes,Cantal
SOULAC-SUR-MER,Blockhaus,33,381059.0,6500259.0,45.52749403611205,-1.0878022560070413,33,Aquitaine,Nouvelle-Aquitaine,Gironde
CHEFFOIS,le rocher cheffois,85,359778.0,6601151.0,46.42435620044615,-1.4325241627480625,85,Pays de la Loire,Pays de la Loire,Vendée
SOURSAC,Barrage de l'Aigle,19,639164.0,6460742.0,45.24332753735348,2.224583209351108,19,Limousin,Nouvelle-Aquitaine,Correze
DAMPNIAT,Centrale hydroélectrique de Claredent,19,591695.0,6453429.0,45.17165536635231,1.6212659554361863,19,Limousin,Nouvelle-Aquitaine,Correze
LECUMBERRY,Mikelauenziloa,64,363296.0,6230758.0,43.09675202878171,-1.1343629932963772,64,Aquitaine,Nouvelle-Aquitaine,Pyrénées-Atlantiques
SAINT-PIERRE-DU-LOROUËR,Le petit Brive,72,515245.0,6746767.0,47.795307925549764,0.5318426741374619,72,Pays de la Loire,Pays de la Loire,Sarthe
MONCEAUX-SUR-DORDOGNE,Le Chassang,19,613643.0,6443479.0,45.08517465811538,1.902386258151461,19,Limousin,Nouvelle-Aquitaine,Correze
SAUMUR,Caves de la Butte de la Folie,49,471130.0,6686724.0,47.241342714444855,-0.026240520161720363,49,Pays de la Loire,Pays de la Loire,Maine-et-Loire
LA COURONNE,La Carrière du Pont Neuf 2,16,477040.0,6504250.0,45.601415061288364,0.13920787596930626,16,Poitou-Charentes,Nouvelle-Aquitaine,Charente
SIREUIL,Les Pierrières,16,468008.0,6507714.0,45.62957991791373,0.021750669187519587,16,Poitou-Charentes,Nouvelle-Aquitaine,Charente
SIREUIL,Le Grand Plantier,16,468235.0,6507890.0,45.63124067937502,0.02457697482930421,16,Poitou-Charentes,Nouvelle-Aquitaine,Charente
ROCHE-LE-PEYROUX,Val Beneyte - Souterrain sous l'observatoire,19,650857.0,6480090.0,45.418474295295894,2.371653020016026,19,Limousin,Nouvelle-Aquitaine,Correze
LA ROCHEBEAUCOURT-ET-ARGENTINE,Carrière de Font-Babou,24,497002.0,6489330.0,45.47335753809136,0.4014428893881704,24,Aquitaine,Nouvelle-Aquitaine,Dordogne
BRANTÔME-EN-PÉRIGORD,Carrière des Petites maisons (Dubesset),24,515742.45,6476238.96,45.360827243248124,0.6461817727162205,24,Aquitaine,Nouvelle-Aquitaine,Dordogne
BRESSUIRE,Château de Bressuire,79,433370.0,6643810.0,46.84126074692319,-0.49977833553124884,79,Poitou-Charentes,Nouvelle-Aquitaine,Charente-Maritime
LE PUY-NOTRE-DAME,Champignonnière de la Butte Faloux,49,454304.0,6674457.0,47.124981332104504,-0.24182549811438186,49,Pays de la Loire,Pays de la Loire,Maine-et-Loire
PUYMOYEN,La Boîte,16,478760.54,6506462.0,45.62187979541847,0.16024469304975164,16,Poitou-Charentes,Nouvelle-Aquitaine,Charente
GARAT,Carrière Sodatec,16,486234.0,6505394.0,45.6146473687842,0.25656906289731457,16,Poitou-Charentes,Nouvelle-Aquitaine,Charente
TURQUANT,Champignonnière 10 rue de la Bâte,49,474960.0,6684222.0,47.22014416214806,0.025599042833564532,49,Pays de la Loire,Pays de la Loire,Maine-et-Loire
TOURTENAY,La Mazoire Troglodyte et Cie,79,463286.0,6664298.0,47.03684826554118,-0.11814814216373273,79,Poitou-Charentes,Nouvelle-Aquitaine,Charente-Maritime
ORCHES,Le bourg Joly - champignonnière,86,498156.28,6645395.13,46.8782351303923,0.3491655084561796,86,Poitou-Charentes,Nouvelle-Aquitaine,Vienne
NÉRAC,Caves de Laubenheimer,47,486671.15,6340931.92,44.13497099509788,0.3334249608539888,47,Aquitaine,Nouvelle-Aquitaine,Lot-et-Garonne
SAUMUR,Caves du chemin des Vaux - Le Ménach,49,470990.0,6686729.0,47.24133938790841,-0.028092394696581226,49,Pays de la Loire,Pays de la Loire,Maine-et-Loire
SAINT-ROBERT,Grotte de Saint-Robert,19,566532.18,6463375.52,45.256780036390616,1.298301955851958,19,Limousin,Nouvelle-Aquitaine,Correze
AINHOA,Grotte de la carrière d'Ainhoa,64,335519.0,6255234.0,43.3029438576189,-1.4918078805418618,64,Aquitaine,Nouvelle-Aquitaine,Pyrénées-Atlantiques
POMPIGNAC,Le Bosquet,33,429400.5,6423159.1,44.85475881454991,-0.4262260870266126,33,Aquitaine,Nouvelle-Aquitaine,Gironde
RAUZAN,La Salle,33,451329.0,6415791.0,44.79669196008418,-0.14516880034505913,33,Aquitaine,Nouvelle-Aquitaine,Gironde
SAINTES,La Motte à l'Œuf,17,414549.0,6521893.0,45.736881632732505,-0.6721056204580982,17,Poitou-Charentes,Nouvelle-Aquitaine,Charente-Maritime
SAINT-GERMAIN-DU-PUCH,Salles,33,434614.5,6422206.3,44.84820487584057,-0.3597758810632642,33,Aquitaine,Nouvelle-Aquitaine,Gironde
TUFFALUN,Caves d'Avort,49,452722.0,6695388.0,47.312668751995936,-0.27412015153229496,49,Pays de la Loire,Pays de la Loire,Maine-et-Loire
CAMARSAC,Carrière du bourg,33,434352.0,6420177.0,44.82985045057632,-0.3620019263362975,33,Aquitaine,Nouvelle-Aquitaine,Gironde
CAMBES,Carrière de Bastarade,33,426560.1,6409829.1,44.73374656904093,-0.4547646855162795,33,Aquitaine,Nouvelle-Aquitaine,Gironde
CANDES-SAINT-MARTIN,Petit Baillargeau à Candes,37,477213.0,6681993.0,47.20085108147494,0.056447428281166154,37,Centre,Centre-Val de Loire,Indre-et-Loire
CROIGNON,Saute jau,33,435224.0,6419838.0,44.827134707076205,-0.3507973368268569,33,Aquitaine,Nouvelle-Aquitaine,Gironde
FRONTENAC,Milha,33,450047.22,6408231.74,44.72822914876876,-0.1575422309736947,33,Aquitaine,Nouvelle-Aquitaine,Gironde
GRÉZILLAC,Centre technique,33,445723.0,6418082.0,44.81526875309378,-0.2171753765354364,33,Aquitaine,Nouvelle-Aquitaine,Gironde
JONZAC,Cluzelet,17,432280.0,6488427.0,45.443005908686395,-0.4256419297087784,17,Poitou-Charentes,Nouvelle-Aquitaine,Charente-Maritime
PONS,Caves de la Soute,17,421326.0,6505428.0,45.59157291015489,-0.5754613883858266,17,Poitou-Charentes,Nouvelle-Aquitaine,Charente-Maritime
PORTE-DE-BENAUGE,La Boye,33,440238.0,6401152.0,44.66094666109855,-0.27760780048344846,33,Aquitaine,Nouvelle-Aquitaine,Gironde
SAINT-GRÉGOIRE-D'ARDENNES,Carrières de la Motte à Morin,17,427034.0,6495930.0,45.50843281970606,-0.4969298596049477,17,Poitou-Charentes,Nouvelle-Aquitaine,Charente-Maritime
LERNÉ,Maulévrier cave sous château,37,481882.0,6674586.0,47.135761413390334,0.12164665803870099,37,Centre,Centre-Val de Loire,Indre-et-Loire
BLARS,Cuzoul des Brasconnies,46,600342.0,6387429.0,44.578813692103964,1.744679509653701,46,Midi-Pyrénées,Occitanie,Lot
TERNAY,Chateau de Ternay,86,469122.1537,6664326.172,47.039150575823065,-0.04136185029633051,86,Poitou-Charentes,Nouvelle-Aquitaine,Vienne
DOMME,Grotte du Redoulet de Caudon (Mortureux),24,562192.0,6415206.0,44.82232098647478,1.2565411181477395,24,Aquitaine,Nouvelle-Aquitaine,Dordogne
ORCHES,La Roche Tardille,86,498128.12,6643125.77,46.85780537958727,0.3497958802824732,86,Poitou-Charentes,Nouvelle-Aquitaine,Vienne
SAINT-SEURIN-DE-CADOURNE,Maillet,33,402006.0,6471983.0,45.28261866945424,-0.8023224577864264,33,Aquitaine,Nouvelle-Aquitaine,Gironde
LE VERDON-SUR-MER,Bunkers PAB,33,383630.0,6501681.0,45.541475005299645,-1.0558437324184513,33,Aquitaine,Nouvelle-Aquitaine,Gironde
ALLANCHE,Mine de Conche,15,701874.0,6461803.0,45.255568201218395,3.0238908978710826,15,Auvergne,Auvergne-Rhône-Alpes,Cantal
GOULLES,Gorges de la Cère MP12,19,629997.0,6432185.0,44.98534480851127,2.11184361044331,19,Limousin,Nouvelle-Aquitaine,Correze
NEUIL,La Milcendière,37,511581.0,6677119.0,47.1676362083321,0.5122315926821711,37,Centre,Centre-Val de Loire,Indre-et-Loire
SAINT-JULIEN-LE-PÈLERIN,Gorges de la Cère MF17,19,625728.0,6431572.0,44.97938043078626,2.057778873100615,19,Limousin,Nouvelle-Aquitaine,Correze
LE PUY-NOTRE-DAME,Champignonnière rue de la Providence,49,454856.0,6674939.0,47.12952088247428,-0.2348107017233445,49,Pays de la Loire,Pays de la Loire,Maine-et-Loire
SARE,Grottes de Sare,64,328801.0,6251753.0,43.26821539781657,-1.5719350396982883,64,Aquitaine,Nouvelle-Aquitaine,Pyrénées-Atlantiques
MARMINIAC,Les Limoges,46,554733.0,6396741.0,44.65460288588399,1.1676277384405005,46,Midi-Pyrénées,Occitanie,Lot
MONTCABRIER,Grotte de Croze del Taï,46,547095.0,6385563.0,44.552365038835674,1.0747577253215377,46,Midi-Pyrénées,Occitanie,Lot
FLOIRAC,Igue du Caillon,46,595266.0,6424911.0,44.91547225587532,1.6728176786488638,46,Midi-Pyrénées,Occitanie,Lot
OMEX,Grotte du Roy,65,449353.0,6226508.0,43.093897651849026,-0.07689643947344639,65,Midi-Pyrénées,Occitanie,Hautes-Pyrénées
MONTREUIL-BELLAY,Fermette des Nobis,49,460704.0,6675050.0,47.13264999616203,-0.1577849005167007,49,Pays de la Loire,Pays de la Loire,Maine-et-Loire
RÉAUP-LISSE,Moulin de Sainte-Catherine,47,482343.0,6339859.0,44.12399123257643,0.2798280049952748,47,Aquitaine,Nouvelle-Aquitaine,Lot-et-Garonne
RANTON,Cave Grands Cailloux,86,470038.74,6660049.43,47.00099109752897,-0.027140758258694202,86,Poitou-Charentes,Nouvelle-Aquitaine,Vienne
FONTEVRAUD-L'ABBAYE,Cave derrière mur dans cave Mr Baillargeau,49,477155.0,6682001.0,47.20090359041995,0.05567787923349248,49,Pays de la Loire,Pays de la Loire,Maine-et-Loire
MIGNÉ-AUXANCES,Carrières de Chateau Gaillard,86,494691.8,6619549.22,46.64459766106681,0.31523760354143365,86,Poitou-Charentes,Nouvelle-Aquitaine,Vienne
TAURIAC,La Lustre 2,33,423298.0,6443772.0,45.037755798893606,-0.5150034024841824,33,Aquitaine,Nouvelle-Aquitaine,Gironde
ÉPIEDS,Grand Fond à BREZE/EPIEDS,49,470260.0,6678302.0,47.165276945453414,-0.03345685880682623,49,Pays de la Loire,Pays de la Loire,Maine-et-Loire
MIERS,Barrières,46,596690.0,6420444.0,44.875473302460385,1.6917969063669493,46,Midi-Pyrénées,Occitanie,Lot
SAINT-GEORGES-ANTIGNAC,Antignac,17,429571.0,6494762.0,45.49893216535516,-0.46381462420275704,17,Poitou-Charentes,Nouvelle-Aquitaine,Charente-Maritime
LA TOUR-BLANCHE-CERCLES,Carrière de Fongrenon 1,24,500086.0,6478226.0,45.374329974294184,0.4454898587407339,24,Aquitaine,Nouvelle-Aquitaine,Dordogne
MONTSOREAU,Vallée des Bazilles - Vieille champignonnière,49,477877.0,6683009.0,47.21021400238073,0.06471360040224836,49,Pays de la Loire,Pays de la Loire,Maine-et-Loire
COURCÔME,Au Limousin,16,478363.035,6546837.0,45.98508586393703,0.1363606755108544,16,Poitou-Charentes,Nouvelle-Aquitaine,Charente
MAGNAC-SUR-TOUVRE,Bel-Air,16,485527.0,6508295.0,45.640532899750006,0.24620501278992554,16,Poitou-Charentes,Nouvelle-Aquitaine,Charente
MIREBEAU,Carrière du Bois de Rochefort,86,487497.7959,6636260.666,46.79273520514436,0.21353156121690622,86,Poitou-Charentes,Nouvelle-Aquitaine,Vienne
MIGNÉ-AUXANCES,Les Lourdines coteau n 1,86,495365.71,6619516.35,46.6445078002112,0.3240579550228382,86,Poitou-Charentes,Nouvelle-Aquitaine,Vienne
HAUTEFORT,Souterrain de la Tour de Bretagne,24,554486.0,6463964.0,45.25963462968494,1.1445925784624544,24,Aquitaine,Nouvelle-Aquitaine,Dordogne
PINSAC,Roc Coulon,46,585724.0,6419386.0,44.864226880280555,1.5532106982280525,46,Midi-Pyrénées,Occitanie,Lot
BROMONT-LAMOTHE,Galerie de Pranal,63,687316.693,6529328.349,45.86349761359905,2.8365234400030976,63,Auvergne,Auvergne-Rhône-Alpes,Puy-de-Dôme
FAUX,Carrière de la Barde Sud (grande),24,516072.0,6413622.0,44.797365755680765,0.6739457418603624,24,Aquitaine,Nouvelle-Aquitaine,Dordogne
MARCILHAC-SUR-CÉLÉ,Les Poteries,46,602109.0,6383196.0,44.54096188775285,1.767765504527785,46,Midi-Pyrénées,Occitanie,Lot
CROIGNON,Carrière Rougier Nord,33,434830.0,6420462.0,44.83259708338749,-0.3561129291285058,33,Aquitaine,Nouvelle-Aquitaine,Gironde
LA TOUR-BLANCHE-CERCLES,Carrière de Garennes n°3,24,499574.0,6477767.0,45.37004977126465,0.43914222759489957,24,Aquitaine,Nouvelle-Aquitaine,Dordogne
ROIFFÉ,Les Closures - Champignonnière,86,477055.0,6676513.0,47.15149678849383,0.057059057015305475,86,Poitou-Charentes,Nouvelle-Aquitaine,Vienne
USSEAU,Les Rabottes,86,508116.2,6643528.87,46.86437612734534,0.4806608217916494,86,Poitou-Charentes,Nouvelle-Aquitaine,Vienne
LA COURONNE,Vignes à Monsieur Mallat,16,477567.0,6504958.0,45.60795796843589,0.14563565913037121,16,Poitou-Charentes,Nouvelle-Aquitaine,Charente
SAINT-SULPICE-D'ARNOULT,Fief de Foye (Cox),17,404579.96,6533909.83,45.84072049311865,-0.8076031019598342,17,Poitou-Charentes,Nouvelle-Aquitaine,Charente-Maritime
SAINTES,Quai des Roches,17,417114.0,6521900.0,45.73801353532544,-0.6391599483731782,17,Poitou-Charentes,Nouvelle-Aquitaine,Charente-Maritime
NOAILLES,Gouffre du Briant,19,582574.0,6444166.0,45.08677153788468,1.5074099882778649,19,Limousin,Nouvelle-Aquitaine,Correze
FONTEVRAUD-L'ABBAYE,Cave Charissou,49,476836.0,6680079.0,47.18350516057112,0.05241453052002523,49,Pays de la Loire,Pays de la Loire,Maine-et-Loire
SOYAUX,Landes du Bressour,16,482178.0,6506514.0,45.623445696858454,0.20404949423576973,16,Poitou-Charentes,Nouvelle-Aquitaine,Charente
PRIGNAC-ET-MARCAMPS,Carrière de Cantegrit/Matard,33,427829.1,6440581.1,45.01085372122242,-0.45574516517735253,33,Aquitaine,Nouvelle-Aquitaine,Gironde
URITZ,Cueva de Espoz,Navarra/Nafarroa,339480.0,6209614.0,42.89528818640005,-1.4117173420471387,,,,
SOYAUX,Pelouses du Lion de Saint-Marc,16,480825.554,6507786.197,45.63446183338525,0.18612254283038415,16,Poitou-Charentes,Nouvelle-Aquitaine,Charente
MONTBRON,Montgaudier,16,503054.0,6510593.0,45.66649382512371,0.470142798396916,16,Poitou-Charentes,Nouvelle-Aquitaine,Charente
SOUSCEYRAC-EN-QUERCY,Gorges de la Cère LF8,46,620253.5,6431061.19,44.974171814359494,1.9884192351706493,46,Midi-Pyrénées,Occitanie,Lot
SAINT-CHRISTOPHE-DES-BARDES,La Pelleterie,33,453062.00,6426086.00,44.88992765613303,-0.12842907246643148,33,Aquitaine,Nouvelle-Aquitaine,Gironde
BACH,Cuzoul de Frayssinet,46,596594.0,6360598.0,44.33676768120213,1.7030277386087744,46,Midi-Pyrénées,Occitanie,Lot
PERPEZAC-LE-BLANC,le Cluzel - Grotte de Perpezac,19,568521.0,6459618.0,45.22333694511369,1.3246677921146306,19,Limousin,Nouvelle-Aquitaine,Correze
RÉAUP-LISSE,Grotte de la Pintenète,47,476879.0,6338960.0,44.11418976901688,0.21199415654413845,47,Aquitaine,Nouvelle-Aquitaine,Lot-et-Garonne
CROIGNON,Carrière Rougier Sud,33,434745.0,6420395.0,44.831961886480435,-0.3571514013717456,33,Aquitaine,Nouvelle-Aquitaine,Gironde
CASTELJALOUX,Grotte aux fées (Casteljaloux),47,467045.0,6358634.0,44.28795917078724,0.08013643784240039,47,Aquitaine,Nouvelle-Aquitaine,Lot-et-Garonne
CAMBES,Carrière de Pinte,33,427108.0,6410380.0,44.73891712133783,-0.4481548236265895,33,Aquitaine,Nouvelle-Aquitaine,Gironde
BUZET,Château de Buzet,47,484016.18,6353755.22,44.24951212657377,0.2947747263372682,47,Aquitaine,Nouvelle-Aquitaine,Lot-et-Garonne
VILLANUA,Cueva de las Güixas,Aragon,410375.0,6182575.0,42.68451035721543,-0.5306860538705088,Aragon,Espagne,Espagne,Espagne
MONTAIGUT-LE-BLANC,Caves ouest Montaigut Chemin des caves,63,706772.42,6498479.95,45.5857968504101,3.086853224734823,63,Auvergne,Auvergne-Rhône-Alpes,Puy-de-Dôme
CAMBLANES-ET-MEYNAC,Château Latour,33,424279.0,6414345.0,44.773461855203735,-0.4860651854451497,33,Aquitaine,Nouvelle-Aquitaine,Gironde
ARUDY,Grotte d'Espalungue,64,419672.0,6227829.0,43.09475323774803,-0.441524480932065,64,Aquitaine,Nouvelle-Aquitaine,Pyrénées-Atlantiques
BOUISSE,Mines de la Ferronière,11,650421.0,6208505.0,42.974195029393684,2.3927814487238996,11,Languedoc-Roussillon,Occitanie,Aude
MALGRAT-DE-MAR,Mines de Can Palomeres,Catalunya,676984.3,6060979.13,41.6496840115536,2.7244169455953116,Catalunya,Espagne,Espagne,Espagne
TOURTOUSE,Grotte de Tourtouse,09,547574.0,6223126.0,43.0911664274615,1.1292332474879163,09,Midi-Pyrénées,Occitanie,Ariège
MOULIS,Grotte du Sendé,09,546044.0,6208445.0,42.958840831461444,1.1147633387720037,09,Midi-Pyrénées,Occitanie,Ariège
FRANCILLON-SUR-ROUBION,Grotte de Baume Sourde,26,862420.49,6394762.3,44.633000579388735,5.048004220207584,26,Rhône-Alpes,Auvergne-Rhône-Alpes,Drôme
BEAUMONTOIS EN PÉRIGORD,Carrière de Luzier,24,522384.9,6410495.7,44.770875928307376,0.7548621755320077,24,Aquitaine,Nouvelle-Aquitaine,Dordogne
BELLEVIGNE-LES-CHÂTEAUX,La Grézille Saumoussay,49,466859.0,6682840.0,47.20491596518126,-0.08065453977157352,49,Pays de la Loire,Pays de la Loire,Maine-et-Loire
COTEAUX-SUR-LOIRE,Cave Bellevue 1,37,495038.0,6690656.0,47.28453642871372,0.2878357984799455,37,Centre,Centre-Val de Loire,Indre-et-Loire
DISTRÉ,2 rue des Clérins,49,463698.0,6686323.0,47.23513032237464,-0.12419976691537996,49,Pays de la Loire,Pays de la Loire,Maine-et-Loire
EYRAUD-CREMPSE-MAURENS,Carrière de Fon Barade Ouest,24,500543.0,6428829.0,44.92991841907889,0.4715300998954387,24,Aquitaine,Nouvelle-Aquitaine,Dordogne
GAVAUDUN,Grotte de Ganos,47,531994.05,6388072.61,44.57147162788512,0.8838604213428817,47,Aquitaine,Nouvelle-Aquitaine,Lot-et-Garonne
GENNES-VAL-DE-LOIRE,42 rue des Bords de Loire,49,462229.0,6694132.0,47.304850401566824,-0.14771475643538395,49,Pays de la Loire,Pays de la Loire,Maine-et-Loire
LA COURONNE,La Carrière du Pont Neuf 3,16,477115.0,6503618.0,45.59575223519741,0.1404628931730667,16,Poitou-Charentes,Nouvelle-Aquitaine,Charente
LA ROCHEBEAUCOURT-ET-ARGENTINE,Argentine - Carrière chez Perrauque Nord Ouest (grande),24,495315.66,6489291.35,45.47250800209072,0.3798884068164785,24,Aquitaine,Nouvelle-Aquitaine,Dordogne
LA TOUR-BLANCHE-CERCLES,Carrière de Jovelle n°6 (Jovelle Nord),24,498905.0,6476932.0,45.36233934559744,0.43094737689350376,24,Aquitaine,Nouvelle-Aquitaine,Dordogne
LES BOIS-D'ANJOU,Champignonnière Les Pâtis,49,460181.0,6714701.0,47.48912488853116,-0.18577805979029274,49,Pays de la Loire,Pays de la Loire,Maine-et-Loire
LES EYZIES,Grotte du Bil,24,542360.0,6428852.0,44.94091687910561,1.001370705784781,24,Aquitaine,Nouvelle-Aquitaine,Dordogne
LES SALLES-LAVAUGUYON,Chez Rambaud - Cave de maison de maître,87,519683.0,6517579.0,45.73396901864943,0.6809865103165282,87,Limousin,Nouvelle-Aquitaine,Haute-Vienne
MONTSOREAU,Troglo cave aux bateaux,49,477839.0,6682975.0,47.20989540612857,0.06422860176068888,49,Pays de la Loire,Pays de la Loire,Maine-et-Loire
NÉRAC,Tunnel de Lamothe,47,486495.69,6339136.09,44.11876343887649,0.33199158578083227,47,Aquitaine,Nouvelle-Aquitaine,Lot-et-Garonne
NEUILLÉ,Caves de la Cybellerie,49,472090.0,6696827.0,47.33255852421165,-0.01866369555167502,49,Pays de la Loire,Pays de la Loire,Maine-et-Loire
PUYMOYEN,Carrière du Château du Diable,16,478907.0,6505804.0,45.616005872929364,0.1624263633345827,16,Poitou-Charentes,Nouvelle-Aquitaine,Charente
RÉAUMUR,manoir des sciences,85,409798.0,6631338.0,46.71927499477973,-0.8008505619516207,85,Pays de la Loire,Pays de la Loire,Vendée
RÉAUP-LISSE,"Ruisseau souterrain ""Sabaté"" (grotte de Pouyalats)",47,477847.78,6335871.44,44.08671575524321,0.22544505867167094,47,Aquitaine,Nouvelle-Aquitaine,Lot-et-Garonne
SAINTES,Cours Bouvard,17,416342.0,6522459.0,45.74272117591403,-0.6494092722529969,17,Poitou-Charentes,Nouvelle-Aquitaine,Charente-Maritime
NEUILLÉ,La Seignère,49,471299.0,6696548.0,47.32977610854475,-0.028988534950406326,49,Pays de la Loire,Pays de la Loire,Maine-et-Loire
SENILLÉ-SAINT-SAUVEUR,Les Pieds Grimaud - CABOURUMEA,86,518252.2,6633301.5,46.77516669314116,0.6177083417783974,86,Poitou-Charentes,Nouvelle-Aquitaine,Vienne
SERS,Grotte de Peupla,16,489874.0,6502219.0,45.58720276090659,0.3046378558819024,16,Poitou-Charentes,Nouvelle-Aquitaine,Charente
SIREUIL,Carrière des Courilles,16,467245.74,6507879.27,45.63080782123421,0.011894058587944668,16,Poitou-Charentes,Nouvelle-Aquitaine,Charente
SOURSAC,Galerie du Pont de Lamirande,19,640719.0,6464802.0,45.280019109967455,2.2439065435856294,19,Limousin,Nouvelle-Aquitaine,Correze
TERNAY,Montjaugin,86,468187.64,6664790.21,47.043000671060284,-0.053896281182230894,86,Poitou-Charentes,Nouvelle-Aquitaine,Vienne
VAUDELNAY,Gîte de la Pinsonnière,49,457084.0,6673595.0,47.11824857815716,-0.20472405793225817,49,Pays de la Loire,Pays de la Loire,Maine-et-Loire
VAUDELNAY,Cave Reynouard,49,455226.0,6675109.0,47.131186433220456,-0.23002550614358472,49,Pays de la Loire,Pays de la Loire,Maine-et-Loire
VŒUIL-ET-GIGET,Carrière de Bompart 4,16,477541.16,6504367.46,45.6026353509629,0.14557817859647396,16,Poitou-Charentes,Nouvelle-Aquitaine,Charente
VŒUIL-ET-GIGET,Carrière COVICO 4,16,477518.34,6503810.07,45.597612032315446,0.14554405373867244,16,Poitou-Charentes,Nouvelle-Aquitaine,Charente
VŒUIL-ET-GIGET,Le Sterling,16,477616.799,6502736.749,45.58798537013449,0.14730347475413558,16,Poitou-Charentes,Nouvelle-Aquitaine,Charente
AYDAT,Tunnel de la Cassière,63,697037.051,6506424.336,45.6573615091661,2.961952414419388,63,Auvergne,Auvergne-Rhône-Alpes,Puy-de-Dôme
ALLY,Pommier (Ally),15,647259.0,6454967.47,45.19200237321651,2.328382878007127,15,Auvergne,Auvergne-Rhône-Alpes,Cantal
QUINSAC,Sauteau,33,424636.0,6412936.0,44.76093058877305,-0.4807725391145385,33,Aquitaine,Nouvelle-Aquitaine,Gironde
LANGOIRAN,Berguin,33,431584.0,6407231.0,44.71233769982947,-0.38996078256903605,33,Aquitaine,Nouvelle-Aquitaine,Gironde
LES HAUTS DE FORTERRE,Carrière de Molesmes,89,735187.0,6724490.0,47.61985239072239,3.4684475756998743,89,Bourgogne,Bourgogne-Franche-Comté,Yonne
HAUX,Carrière de Lamothe,33,432562.1,6409613.1,44.734141238768004,-0.3789095421210319,33,Aquitaine,Nouvelle-Aquitaine,Gironde
PRIGNAC-ET-MARCAMPS,Le Moulinot,33,425098.0,6443542.0,45.036405809940945,-0.49203839923714976,33,Aquitaine,Nouvelle-Aquitaine,Gironde
SUZE-LA-ROUSSE,Tunnel de la Borie,26,845493.0,6359051.0,44.31535809144472,4.824240595378212,26,Rhône-Alpes,Auvergne-Rhône-Alpes,Drôme
AMBAZAC,AMB - Chédeville bas - Mine inférieure de Chédeville,87,574860.0,6543348.0,45.97832736343137,1.3835804883313532,87,Limousin,Nouvelle-Aquitaine,Haute-Vienne
BERRIE,Château de Berrie,86,467125.95,6667514.61,47.06714011093408,-0.06926332817978526,86,Poitou-Charentes,Nouvelle-Aquitaine,Vienne
BOMMES,Carrière de Lagardan-Cave Coste,33,435263.0,6390711.0,44.565158440931384,-0.3347465790589823,33,Aquitaine,Nouvelle-Aquitaine,Gironde
BOUZIÈS,Grotte du Cuzoulet,46,590277.0,6378924.0,44.500747665846546,1.619794966294943,46,Midi-Pyrénées,Occitanie,Lot
BUZET-SUR-BAÏSE,Château de Buzet,47,484016.18,6353755.22,44.24951212657377,0.2947747263372682,47,Aquitaine,Nouvelle-Aquitaine,Lot-et-Garonne
CAMBES,Le Puy (Cambes),33,426887.0,6409846.0,44.73402722169361,-0.450649065806433,33,Aquitaine,Nouvelle-Aquitaine,Gironde
CHEFFOIS,Rocher de Cheffois,85,359778.0,6601151.0,46.42435620044615,-1.4325241627480625,85,Pays de la Loire,Pays de la Loire,Vendée
CISSAC-MÉDOC,Château fort du Breuil,33,400620.0,6464877.0,45.218106831271434,-0.815602009080427,33,Aquitaine,Nouvelle-Aquitaine,Gironde
DAIGNAC,Carrière du Bourg (Daignac),33,442909.0,6416511.0,44.80009905797556,-0.2519206450240047,33,Aquitaine,Nouvelle-Aquitaine,Gironde
DISTRE,2 rue des Clérins,49,463698.0,6686323.0,47.23513032237464,-0.12419976691537996,49,Pays de la Loire,Pays de la Loire,Maine-et-Loire
DONZÈRE,Grotte des Chauves-souris du défilé de Donzère,26,835502.0,6374910.0,44.46008931140403,4.703298865888919,26,Rhône-Alpes,Auvergne-Rhône-Alpes,Drôme
GLÉNOUZE,Carrière Panthenay Foret Pie,86,472361.0,6660514.0,47.00596809618625,0.0031672929042930315,86,Poitou-Charentes,Nouvelle-Aquitaine,Vienne
HAUX,Courcouyac,33,432176.2,6408449.1,44.72352267548204,-0.38314947338642036,33,Aquitaine,Nouvelle-Aquitaine,Gironde
LA BRETONNIÈRE-LA-CLAYE,rue du moulin raclet,85,373773.0,6607056.0,46.484376385632466,-1.2546938913658292,85,Pays de la Loire,Pays de la Loire,Vendée
LA TOUR-BLANCHE-CERCLES,Carrière de Champs fleuris,24,500349.0,6478070.0,45.37300255470783,0.44891252378342333,24,Aquitaine,Nouvelle-Aquitaine,Dordogne
LANGEAIS,62 Rue de Nantes,37,503331.0,6694307.0,47.31989825588129,0.39589922780468706,37,Centre,Centre-Val de Loire,Indre-et-Loire
LANGEAIS,La Basse Raguenière,37,502406.0,6695555.0,47.33085174618562,0.38311276870487637,37,Centre,Centre-Val de Loire,Indre-et-Loire
LANGOIRAN,Carrière de Graman,33,431572.4,6407393.3,44.71379304426765,-0.3901950560745913,33,Aquitaine,Nouvelle-Aquitaine,Gironde
LARÇAY,Carrière des Quarts,37,533422.38,6698438.49,47.365325737099866,0.7925851669635946,37,Centre,Centre-Val de Loire,Indre-et-Loire
LE VERDON-SUR-MER,Bunkers du Sémaphore,33,381055.0,6502594.0,45.548489995676874,-1.089401953461021,33,Aquitaine,Nouvelle-Aquitaine,Gironde
LERNÉ,la Grande Cheminée,37,479771.0,6674007.0,47.1298562380986,0.09409532687411121,37,Centre,Centre-Val de Loire,Indre-et-Loire
LES EYZIES,Carrières de Queylou,24,542238.0,6427354.0,44.92740603963846,1.0003054672837208,24,Aquitaine,Nouvelle-Aquitaine,Dordogne
LOUDUN,Carrière Croix des caves,86,480000.45,6660661.58,47.00986197366165,0.10357650218896,86,Poitou-Charentes,Nouvelle-Aquitaine,Vienne
MONTREM,Carrière de Jevah (Chaux de St Astier),24,508465.0,6452869.0,45.14850626403958,0.5624861772984379,24,Aquitaine,Nouvelle-Aquitaine,Dordogne
MONTVALENT,Igue de Tirondelle,46,593393.0,6420628.0,44.87663007511874,1.6500155386770339,46,Midi-Pyrénées,Occitanie,Lot
NAUJAN-ET-POSTIAC,Escambert,33,448982.0,6416105.0,44.79867128105909,-0.17498121561729987,33,Aquitaine,Nouvelle-Aquitaine,Gironde
NONARDS,Grotte de La Garnie,19,607053.0,6436610.0,45.022477713838335,1.8199428128442559,19,Limousin,Nouvelle-Aquitaine,Correze
RANTON,Cave bourg (maire suivi par DSNE),86,469925.59,6660162.65,47.00197065671464,-0.028685908284959462,86,Poitou-Charentes,Nouvelle-Aquitaine,Vienne
RÉAUMUR,Manoir des Sciences,85,409798.0,6631338.0,46.71927499477973,-0.8008505619516207,85,Pays de la Loire,Pays de la Loire,Vendée
SAINT-BENOIT-LA-FORET,Effondrement dans sol près ferme,37,495964.0,6683458.0,47.2200593760832,0.3033311198648142,37,Centre,Centre-Val de Loire,Indre-et-Loire
SAINT-HILAIRE-DES-LOGES,Le Retail,85,420394.0,6607917.0,46.513118376856085,-0.6481119712952957,85,Pays de la Loire,Pays de la Loire,Vendée
SAINT-RÉMY-DE-PROVENCE,Carrière de Glanum,13,847618.0,6299093.0,43.77543144212343,4.833422765873214,13,Provence-Alpes-Côte d'Azur,Provence-Alpes-Côte d'Azur,Bouches-du-Rhône
SAINT-RESTITUT,Carrière de sable de la chapelle St Sépulcre,26,842572.0,6361236.0,44.335622505704094,4.788249084009821,26,Rhône-Alpes,Auvergne-Rhône-Alpes,Drôme
SAINT-ROMAIN-DE-BENET,Camp de César,17,397793.0,6516776.0,45.68363984344126,-0.884085047324474,17,Poitou-Charentes,Nouvelle-Aquitaine,Charente-Maritime
SAINT-SAVINIEN,Falaise du Peu,17,414487.1,6537856.63,45.880450770489105,-0.6824709385445125,17,Poitou-Charentes,Nouvelle-Aquitaine,Charente-Maritime
SERS,La Brousse,16,489345.98,6500821.12,45.57446008807948,0.2984832629823493,16,Poitou-Charentes,Nouvelle-Aquitaine,Charente
SOSSAIS,Bouzoumbroum,86,499062.37,6646854.98,46.891645062249275,0.36041573994000514,86,Poitou-Charentes,Nouvelle-Aquitaine,Vienne
SOURSAC,Barrage de l'Aigle - Tunnel,19,639126.0,6460701.0,45.242955018698765,2.2241040266526646,19,Limousin,Nouvelle-Aquitaine,Correze
SOYAUX,Carrière du Lion de Saint-Marc,16,480675.0,6507760.0,45.63417776661615,0.18420327705526515,16,Poitou-Charentes,Nouvelle-Aquitaine,Charente
TRENTELS,Grotte de Giraudenque,47,529637.85,6373840.75,44.44282866848372,0.8590562274144612,47,Aquitaine,Nouvelle-Aquitaine,Lot-et-Garonne
VŒUIL-ET-GIGET,Carrière de La Roche (Voeuil),16,478832.88,6504569.32,45.60487104472534,0.16204518196054452,16,Poitou-Charentes,Nouvelle-Aquitaine,Charente
AUBIÈRE,Cave Savaron C1,63,708890.707,6516528.596,45.748297336260514,3.114354475936483,63,Auvergne,Auvergne-Rhône-Alpes,Puy-de-Dôme
MASSIAC,Ouche toutes mines (18 a - 18 b - 18c - 21 - 30 - 59 et 61),15,713495.0,6462960.0,45.265856341372185,3.1720743879279096,15,Auvergne,Auvergne-Rhône-Alpes,Cantal
LES,Banhs de Les,Catalunya,512454.3,6192423.6,42.80683172905147,0.7093478014892786,Catalunya,Espagne,Espagne,Espagne
LYS-HAUT-LAYON,Lys-Haut-Layon-Bourg,49,444763.0,6673918.0,47.11653921364566,-0.3672609987145663,49,Pays de la Loire,Pays de la Loire,Maine-et-Loire
CHASTEAUX,Le Soulier,19,579707.0,6445114.0,45.094811812729475,1.470743502580913,19,Limousin,Nouvelle-Aquitaine,Correze
MONTAIGNAC-SUR-DOUSTRE,Ruffaud,19,621434.0,6471447.0,45.33791533896291,1.996884553881743,19,Limousin,Nouvelle-Aquitaine,Correze
CAMOU-CIHIGUE,Gouffre de Bexanka,64,380931.0,6232620.0,43.121562967603595,-0.9193232249704227,64,Aquitaine,Nouvelle-Aquitaine,Pyrénées-Atlantiques
AZAY-SUR-THOUET,La Babinière,79,442828.0,6619294.0,46.62442446650131,-0.36209298831489517,79,Poitou-Charentes,Nouvelle-Aquitaine,Charente-Maritime
COMBRAND,Le Claveau,79,420943.0,6646658.0,46.86180308378991,-0.6643996001756097,79,Poitou-Charentes,Nouvelle-Aquitaine,Charente-Maritime
RÉAUP-LISSE,Ruisseau de Turlet (Local pompe),47,473979.0,6335368.0,44.080953633702826,0.17739166264065223,47,Aquitaine,Nouvelle-Aquitaine,Lot-et-Garonne
LANGEAC,Marsanges,43,738137.0,6438574.0,45.04536155394594,3.484371146645465,43,Auvergne,Auvergne-Rhône-Alpes,Haute-Loire
MAEZTU,Portillo del Gesal,Araba,255184.45,6197809.08,42.742133023852645,-2.4303828974599844,Araba,Espagne,Espagne,Espagne
MONTPEYROUX,Fumat,24,467073.0,6428418.0,44.91576415509333,0.04780035252450854,24,Aquitaine,Nouvelle-Aquitaine,Dordogne
ONATI,Iritegi,Gipuzkoa,258891.52,6224032.52,42.97967403432069,-2.40715603312494,Gipuzkoa,Espagne,Espagne,Espagne
USUN,Arbaiungo koba,Navarra,354702.63,6182689.85,42.661022977673746,-1.2082559597552545,Navarra,Espagne,Espagne,Espagne
KARRANTZA,Cueva de Santa Isabel,Bizkaia,182392.0,6260933.18,43.259355822586365,-3.377598200434746,Bizkaia,Espagne,Espagne,Espagne
BIRON,Grotte de Brasselay,64,397104.0,6268947.0,43.4550158950783,-0.7420950343321492,64,Aquitaine,Nouvelle-Aquitaine,Pyrénées-Atlantiques
MONTBRON,Ancienne usine Bricq,16,502256.94,6511385.55,45.6733965313935,0.45958384031728544,16,Poitou-Charentes,Nouvelle-Aquitaine,Charente
ÉTAULIERS,Bourg d'Etauliers,33,419581.0,6464650.0,45.22405110889864,-0.574154035024102,33,Aquitaine,Nouvelle-Aquitaine,Gironde
BELABRE,Ile de la Marquise,36,558939.0,6607098.0,46.549104379475565,1.158803008152708,36,Centre,Centre-Val de Loire,Indre
PRADELLE,Grotte des Sadoux,26,879114.0,6394834.0,44.629548229842484,5.258413659935783,26,Rhône-Alpes,Auvergne-Rhône-Alpes,Drôme
VILLEMUR-SUR-TARN,Usine Brusson,31,579645.0,6308254.0,43.86302609391596,1.5029379176334958,31,Midi-Pyrénées,Occitanie,Gers
DUNES,Grotte du Roc,82,521109.0,6332341.0,44.067301457472794,0.7666767964378967,82,Midi-Pyrénées,Occitanie,Tarn-et-Garonne
ROMPON,Grotte de Meysset,7,838999.0,6411091.0,44.785044236930545,4.75736324981417,7,Rhône-Alpes,Auvergne-Rhône-Alpes,Ardèche
PEYRUS,Grotte des Piaroux,26,868594.0,6423670.0,44.89169498964369,5.135666832152503,26,Rhône-Alpes,Auvergne-Rhône-Alpes,Drôme
SAINT-PARDOUX,Moulin Poussard,79,445360.0,6612087.0,46.560553429736004,-0.3250655074577378,79,Poitou-Charentes,Nouvelle-Aquitaine,Charente-Maritime
ROUFFIGNAC-DE-SIGOULÈS,Grotte de la Fontanguillère,24,498348.0,6412433.0,44.78174039837615,0.45043261599996465,24,Aquitaine,Nouvelle-Aquitaine,Dordogne
ROCHEFORT-SAMSON,Grotte de l'Arche,26,871404.0,6432571.0,44.971115503019085,5.174348780437023,26,Rhône-Alpes,Auvergne-Rhône-Alpes,Drôme
ANDIRAN,Moulin d'Andiran,47,481592.0,6338276.0,44.10951875485231,0.27113325906529623,47,Aquitaine,Nouvelle-Aquitaine,Lot-et-Garonne
MONTMAUR-EN-DIOIS,Grotte de Solaure,26,887061.0,6402170.0,44.69347152228991,5.361322725267291,26,Rhône-Alpes,Auvergne-Rhône-Alpes,Drôme
TURZIOTZ,Minas de Siete Puertas,Bizkaia,193662.0397,6261700.713,43.27432930262916,-3.240066289863883,Bizkaia,Espagne,Espagne,Espagne
SAINT-MARTIN-DU-PUY,Le Trou-Noir,33,459444.0,6400364.0,44.66076793803528,-0.035137778074723375,33,Aquitaine,Nouvelle-Aquitaine,Gironde
SIRAN,Gare de Siran,15,631150.707,6432142.308,44.98507631901125,2.126485945561386,15,Auvergne,Auvergne-Rhône-Alpes,Cantal
SAINT-ILLIDE,Ancienne gare cavarnac,15,642353.596,6440579.08,45.06206114987598,2.2676190470310607,15,Auvergne,Auvergne-Rhône-Alpes,Cantal
PAUSSAC-ET-SAINT-VIVIEN,Gouffre de Paussac,24,506176.0,6474668.0,45.34405453304926,0.5246811027330895,24,Aquitaine,Nouvelle-Aquitaine,Dordogne
ARGELOUSE,Pont de l'Espine,40,409475.65,6369663.93,44.36561789375365,-0.64689709547957,40,Aquitaine,Nouvelle-Aquitaine,Landes
LA RONDE,Le Marais Gauthier,17,409016.959,6585162.492,46.303631078633856,-0.7821194298169228,17,Poitou-Charentes,Nouvelle-Aquitaine,Charente-Maritime
CHIRÉ-EN-MONTREUIL,Château de Chiré,86,480310.0,6619258.0,46.63742105678505,0.12746945405627128,86,Poitou-Charentes,Nouvelle-Aquitaine,Vienne
LIORAC-SUR-LOUYRE,Domaine de Garraube,24,514240.0,6421375.0,44.86664907712152,0.6478710792554309,24,Aquitaine,Nouvelle-Aquitaine,Dordogne
AUSSURUCQ,Grotte de Xaxiziloaga,64,380469.0,6234968.0,43.14244953122365,-0.9264219081375012,64,Aquitaine,Nouvelle-Aquitaine,Pyrénées-Atlantiques
SAINT-GEORGES-D'OLÉRON,Fort des Saumonards,17,371394.0,6551983.0,45.98802193840726,-1.2470658256368123,17,Poitou-Charentes,Nouvelle-Aquitaine,Charente-Maritime
ARTZENTALES,Ferme de La Cruz,Bizkaia,194010.0,6261070.0,43.268920441409456,-3.235183367709161,Bizkaia,Espagne,Espagne,Espagne
BOLTANA,Grotte de Seso,Aragon,456190.44,6155304.02,42.45647698822701,0.03971194506685718,Aragon,Espagne,Espagne,Espagne
FISCAL,Cueva de Burgasé,Aragon,449177.9,6158036.13,42.47862099420224,-0.04662896121300092,Aragon,Espagne,Espagne,Espagne
ARTZINIEGA,Artziniegako frontoia,Alava/Araba,200903.0,6244814.0,43.127998688156474,-3.135054815856205,Alava/Araba,Espagne,Espagne,Espagne
VALCARLOS,Txirriskin,Navarra,380096.776,6230292.808,43.10028465575273,-0.9281327286109622,Navarra,Espagne,Espagne,Espagne
LA GRIPPERIE-SAINT-SYMPHORIEN,Bois de la Rouillasse,17,393293.12,6526871.099,45.772424269781766,-0.9483060288936471,17,Poitou-Charentes,Nouvelle-Aquitaine,Charente-Maritime
OLESA DE BONESVALLS,Avenc de l'Esquerra,Catalunya,602529.15,6025486.42,41.324929993641945,1.8392400314837223,Catalunya,Espagne,Espagne,Espagne
SANT-LLORENÇ-SAVALL,Avenc del Davi,Catalunya,617822.43,6062540.27,41.65946565247393,2.015844524684753,Catalunya,Espagne,Espagne,Espagne
